timestamp_us,audio_adc
5567719,5991
5569319,4606
5570510,4741
5572112,4878
5573212,5334
5574312,6169
5575412,8234
5576912,7106
5578012,6752
5579112,8245
5580212,6352
5581312,7316
5582812,5420
5583912,5321
5585012,5092
5586112,6307
5587612,5431
5588712,5343
5589812,7452
5590912,5101
5592412,5501
5593512,6596
5594612,5952
5595712,6467
5597212,6570
5598312,7229
5599412,6425
5600512,5247
5602012,5179
5603112,5875
5604212,4661
5605312,6807
5606412,7394
5607912,6054
5609012,6195
5610112,6006
5611212,5836
5683310,6390
5684810,6702
5685910,7192
5687412,7761
5688512,6982
5689612,6020
5690712,5672
5692212,6117
5693312,4587
5694412,5877
5695512,5414
5697012,5068
5698112,6564
5699212,6874
5700312,5385
5701412,5285
5703012,5798
5704112,5885
5705212,6805
5706312,6437
5707812,7551
5708912,7527
5710012,7512
5711112,6595
5712612,6249
5713712,6208
5714812,5288
5797511,7746
5799011,6992
5800111,5470
5801311,6281
5802911,5039
5804011,5088
5805111,5555
5806211,6436
5807711,5156
5808811,5206
5809911,7506
5811011,5974
5812511,5722
5813611,5510
5814711,9152
5815811,4124
5817311,7270
5818411,7043
5819511,7622
5820611,5298
5822111,6321
5823211,7458
5824311,3606
5825411,4869
5835312,6390
5836812,6613
5838312,5067
5839512,6787
5840612,6566
5842112,7295
5843212,5573
5844312,6978
5845412,6088
5847012,5203
5848112,4781
5849212,4914
5850312,5280
5851412,4542
5852912,4159
5854012,4276
5855112,4458
5856212,7264
5925612,4477
5927112,5535
5928212,5436
5929412,3997
5930512,5379
5932112,3561
5933212,6868
5934312,5221
5935412,5883
5936912,7493
5938012,7999
5939112,6708
5940212,6878
5941312,5299
5942812,4800
5943912,6717
5945012,7142
5946112,5841
5947612,6354
5948712,7019
5949812,6031
5950912,5952
6033912,7213
6035412,6410
6036921,7186
6038112,6720
6039212,5919
6040312,6767
6041412,5625
6043012,5494
6044112,4221
6045212,5683
6046312,5011
6047812,5409
6048912,5659
6050012,6018
6051112,4723
6052612,6803
6053712,7061
6054812,6294
6055912,8304
6057412,7724
6058512,7948
6059612,6607
6060712,5684
6062212,5373
6063312,5058
6064412,6069
6065512,5412
6067012,5284
6068112,5158
6069212,4254
6070312,3963
6071412,5094
6073012,6274
6074112,5979
6075212,7467
6076312,6814
6077812,7517
6078912,7191
6080012,5661
6081112,6391
6082612,5412
6083712,5315
6084812,5793
6085912,6382
6087412,6342
6088512,5371
6089612,5978
6090712,5616
6092212,6053
6093312,5356
6094412,5741
6095512,6514
6164712,5848
6166312,6429
6167812,6520
6168912,6269
6170012,4936
6171112,6374
6172612,5387
6173712,5455
6174812,5438
6175912,5921
6177412,5770
6178512,6307
6261211,5461
6262711,5506
6263811,5999
6265011,6446
6266111,6512
6267611,6677
6268711,6204
6269811,5432
6270911,5890
6272411,7133
6273511,5544
6274611,6589
6275711,6721
6277211,6214
6278311,6497
6279411,5334
6280511,6216
6282011,5794
6283111,7373
6284211,6785
6285311,7210
6286411,6581
6287911,6976
6289011,5747
6290111,5593
6291211,6367
6292711,5630
6293811,5291
6294911,6842
6296011,6615
6297611,5286
6298711,7404
6299811,5028
6300911,5990
6302411,2898
6303511,8644
6304611,3526
6305711,8384
6307211,3927
6308311,8291
6309411,3709
6310511,8132
6312011,4124
6313111,7989
6314211,4793
6315311,8340
6316411,5739
6317911,7853
6319011,6524
6320111,7492
6321211,7053
6322711,5059
6323811,8528
6324911,4287
6326011,8144
6342912,5460
6344412,3629
6345512,8047
6415510,6917
6439512,5586
6441012,7297
6442512,5729
6443620,5834
6444812,7050
6533212,6144
6534812,4721
6536012,7662
6537512,6867
6538612,7007
6539712,2742
6540812,8677
6542312,4687
6543412,7069
6544512,5140
6545612,8701
6547112,5474
6548212,8608
6549312,4166
6550412,7066
6551912,3943
6553012,6948
6554112,3482
6555212,9750
6556312,3968
6557812,6064
6558912,4053
6560012,7377
6561112,3011
6562612,7091
6563712,5909
6564812,8562
6565912,2212
6567512,8295
6568612,5371
6569712,7714
6570812,4877
6572312,10413
6573412,4568
6574512,7932
6575612,5816
6577112,10012
6578212,3903
6579312,8732
6580412,3946
6581912,7657
6583012,1975
6584112,7795
6585212,2731
6586312,5696
6587812,5305
6588912,6812
6590012,6065
6591112,4317
6592612,6263
6593712,4881
6594812,7428
6595912,6407
6597412,7626
6598512,6187
6599612,6383
6600712,2232
6602212,4413
6603312,6461
6604412,7214
6605512,6076
6607112,6927
6608212,4475
6609312,5793
6693312,6134
6769312,5880
6770912,5215
6772521,5513
6773712,5917
6774812,7009
6775912,7263
6777412,8058
6778512,6761
6779612,7418
6780712,5699
6782212,6204
6783312,6127
6784412,5859
6785512,5399
6787012,5942
6788112,5018
6789212,4808
6790312,5039
6791412,4870
6792912,5994
6794012,5961
6795112,5575
6796212,6286
6797812,5344
6798912,5419
6800012,6318
6801112,6186
6802612,6989
6803712,7199
6804812,6951
6805912,6271
6807412,6884
6808512,6273
6809612,6395
6810712,6904
6812212,6288
6813312,6081
6814412,5441
6815512,7735
6817012,6062
6818112,6071
6819212,5681
6820312,6046
6821412,5280
6822912,7149
6824012,5485
6825112,6019
6826212,6215
6843112,7788
6844612,7045
6845712,6678
6847212,5989
6848312,5659
6849412,4495
6850512,5288
6852012,5084
6853112,4070
6854212,6434
6855312,5364
6856412,7216
6857912,6000
6859012,6461
6860112,6877
6943011,5701
6944611,6208
6945811,7904
6947311,7010
6948411,4176
6949511,6783
6950611,5586
7020512,5890
7022012,5055
7023112,5874
7024312,4483
7025412,6820
7027012,5394
7028112,6486
7029212,7134
7030312,6196
7031412,4879
7032912,5978
7034012,6645
7035112,6593
7036212,8296
7037712,7680
7038812,5498
7039912,4782
7041012,5384
7042512,5069
7043612,5196
7044712,5943
7045812,8117
7047312,5482
7048412,4452
7049512,4706
7050612,5378
7052112,4892
7053212,7375
7054312,8495
7055412,8358
7056912,7631
7058012,4920
7059112,5013
7060212,5536
7061312,4599
7062812,7041
7063912,7162
7065012,6906
7066112,6355
7067712,3857
7068812,4646
7069912,5523
7071012,6326
7072512,7651
7073612,7426
7074712,7331
7075812,7431
7077312,4909
7078412,6318
7079512,5886
7080612,5501
7082112,6477
7083212,7323
7084312,4492
7085412,4814
7086912,7101
7088012,6274
7170969,5484
7172510,7312
7173610,6453
7174810,7145
7175910,5161
7177410,5878
7178510,6942
7179610,5403
7180710,7337
7182312,6673
7183412,8621
7184512,3476
7185612,7539
7187112,7384
7188212,4965
7189312,6959
7190412,4530
7191912,7830
7193012,5159
7194112,6243
7195212,5751
7196312,6276
7266869,5706
7268410,5356
7269510,3449
7270710,4685
7272210,5927
7273310,6515
7274410,6960
7275510,5770
7277112,5793
7278212,4724
7279312,5195
7280412,6166
7281912,7787
7283012,7643
7284112,7246
7285212,7144
7286312,6797
7287812,5549
7288912,5982
7290012,5036
7291112,4932
7292612,6093
7293712,6123
7294812,4993
7295912,5252
7297412,5363
7298512,6115
7299612,4666
7300712,7151
7302212,6490
7303312,5955
7304412,7126
7305512,6642
7307012,7229
7308112,7089
7309212,7901
7310312,5797
7311412,6184
7312912,6432
7314012,6398
7315112,6424
7316212,5272
7399413,5166
7411612,6029
7413112,6963
7414212,5681
7415312,8211
7435578,7088
7437120,5469
7438310,5365
7439510,4079
7440610,5043
7442212,5725
7443312,5201
7444412,4308
7445512,5764
7447012,3773
7448112,4465
7449212,6265
7450312,7204
7451412,9275
7452912,7747
7454012,8415
7455112,7498
7456212,7534
7457712,7286
7458812,6617
7459912,7048
7461012,4856
7462512,3790
7463612,4948
7464712,3975
7465812,4637
7535869,7216
7537410,7596
7538510,5968
7539710,7850
7540810,5030
7542310,3936
7543410,7412
7544510,5439
7545610,4852
7547212,8374
7548312,6318
7549412,6990
7550512,4704
7552012,4707
7553112,5994
7554212,6837
7555312,6240
7556412,7104
7557912,7497
7559012,4575
7560112,4840
7561212,5216
7562712,6932
7563812,4373
7564912,8640
7566012,6309
7567512,6782
7568612,4012
7569712,4239
7570812,5742
7572312,6646
7573412,5831
7574512,7662
7657310,6179
7658910,5756
7660110,6391
7661410,4808
7662910,6019
7664010,7018
7665110,5894
7666210,5497
7667710,5746
7668810,4502
7669910,5732
7671010,7157
7672511,8031
7673611,7870
7674711,7240
7675811,5182
7677311,6876
7678411,6226
7679511,5494
7680611,6054
7682111,6934
7683211,5473
7684311,5325
7685411,5976
7687011,4597
7688111,5075
7689211,6506
7690311,7132
7691411,6565
7692911,5545
7694011,6221
7695111,6877
7696211,4448
7697711,5118
7698811,7358
7699911,7001
7701011,5508
7702511,5237
7703611,7745
7704711,6027
7705811,6895
7707311,6395
7708411,4596
7709511,4549
7710611,4205
7781210,5422
7782812,6635
7783915,8806
7785012,4824
7786112,4188
7787612,5504
7788712,4159
7789812,2750
7790912,4342
7792412,6444
7793512,5589
7794612,6533
7795712,7989
7797212,8670
7798312,6288
7799412,5762
7800512,6469
7802012,9419
7803112,5733
7886010,4510
7910312,8038
7911812,8632
7913312,8044
7914412,6588
7915512,7543
7917012,3690
7918112,7244
7919212,6311
7920312,7559
7921412,7284
7922912,8608
7924012,5747
7925112,5541
7926212,4891
7927712,4599
7928812,6060
7929912,4737
7931012,7353
7932612,6391
7933712,7094
7934812,6531
7935912,4748
7937412,5210
7938512,6183
7939612,5768
7940712,6604
7942212,5515
7943312,7699
7944412,6645
7945512,4940
7947012,5054
7948112,5996
7949212,5088
7950312,7343
7951412,7128
7952912,8819
7954012,7192
7955112,6771
7956212,5751
7957712,7407
7958812,3496
7959912,6676
7961012,5359
7962512,6773
7963612,4891
7964712,5546
7965812,2381
7967312,5597
7968412,5091
7969512,8628
7970612,7306
8041912,7135
8043512,5490
8044618,6596
8045812,5044
8047312,5732
8048412,7331
8049512,5366
8050612,6062
8052112,7051
8053212,5550
8054312,7508
8055412,8145
8139711,5733
8141311,7377
8142911,6766
8144111,7108
8145211,5534
8146311,4323
8147811,5521
8148911,6455
8150011,5020
8151111,5608
8152611,7481
8153711,5820
8154811,6136
8155911,5741
8157411,4686
8158511,7220
8159611,5816
8160711,6139
8162211,7377
8163311,6323
8164411,6616
8165511,5010
8167111,5927
8168211,5189
8169311,4518
8170411,5913
8171911,5184
8173011,7734
8174111,8811
8175211,7445
8176311,7341
8177811,6858
8178911,5037
8180011,7224
8181111,5529
8182611,6783
8183711,4100
8184811,4785
8185911,5365
8187411,5052
8188511,6044
8189611,5513
8190711,5780
8192211,7867
8193311,6529
8194411,7166
8195511,6786
8197011,5242
8198111,5465
8199211,5353
8200311,6806
8201411,7064
8202911,7067
8204011,7109
8205111,5605
8206211,6462
8207811,4655
8208911,5316
8210011,7087
8211111,7158
8280812,6249
8282412,5158
8283612,8056
8284712,7451
8367512,5425
8388310,5865
8389810,7619
8391010,4979
8392510,5183
8393610,7160
8394710,6500
8395810,9313
8397412,7100
8398512,5216
8399612,6787
8400712,6883
8402212,6339
8403312,7305
8404412,6896
8405512,5022
8407012,7812
8408112,8310
8409212,7162
8410312,7243
8411412,6799
8412912,6328
8414012,6406
8415112,5772
8435412,5428
8437012,5993
8438212,5011
8439312,6480
8440512,7565
8442012,8103
8443112,6073
8444212,6810
8445312,4888
8446412,7506
8448012,6299
8449112,3793
8450212,4121
8451312,5463
8452812,5463
8453912,4958
8455012,6237
8456112,5343
8457612,7616
8458712,7276
8459812,7754
8460912,7840
8462412,8017
8463512,6801
8464612,5143
8465712,6378
8467212,5085
8468312,5737
8469412,5876
8470512,5258
8472012,6134
8473112,6044
8474212,7770
8475312,5831
8476412,4783
8477912,6751
8479012,7324
8480112,7283
8481212,6598
8482712,5754
8565611,5856
8567211,8151
8568411,6880
8569611,8340
8570711,7412
8641010,5559
8642510,4950
8643610,6964
8644710,6600
8645810,6548
8647412,7779
8648512,6040
8649612,5889
8650712,5249
8652212,5431
8653312,5146
8654412,4902
8655512,5219
8657012,5738
8658112,5354
8659212,7759
8660312,7357
8661412,7721
8662912,6642
8664012,7364
8665112,6323
8666212,6039
8667712,5409
8668812,4646
8669912,6754
8671012,6011
8672512,6623
8673612,6955
8674712,7102
8675812,5827
8677312,7278
8678412,5975
8679512,6251
8680612,6270
8682112,5223
8683212,5559
8684312,5759
8685412,4697
8687012,4478
8688112,6228
8689212,6009
8690312,6962
8691412,7262
8692912,7772
8694012,6009
8695112,5188
8696212,5196
8697712,4856
8698812,6238
8699912,4902
8701012,6346
8702512,7031
8703612,6236
8704712,8778
8705812,8614
8707312,6961
8708412,6968
8709512,6445
8710612,5882
8793911,5899
8795577,5458
8797111,5965
8798311,7288
8799411,6108
8800511,7380
8802011,6248
8803111,6862
8804211,6160
8805311,5871
8806411,5052
8808011,6051
8809111,5473
8810211,5404
8811311,7506
8881810,6912
8905911,3723
8907411,5516
8908511,6512
8909611,7543
8910811,6485
8912411,6607
8913511,4854
8914611,5817
8915711,5724
8917211,6216
8918311,7645
8919411,4522
8920511,6015
8922011,6802
8923111,3887
8924211,5058
8925311,4783
8926411,6073
8927911,5360
8929011,7062
8930111,5877
8931211,8838
8932711,8108
8933811,7830
8934911,5047
8936011,9265
8937511,7470
8938611,7076
8939711,6371
8940811,6640
8942411,6898
8943511,4256
8944611,7105
8945711,5618
8947211,3384
8948311,7186
8949411,4722
8950511,6128
8952011,8612
8953111,4511
8954211,5832
8955311,7036
8956411,5551
8957911,5551
8959011,6041
8960111,6338
8961211,6960
8962711,7346
9045612,5940
9047112,6646
9048312,6628
9049412,7545
9050612,7941
9052212,7980
9053312,6449
9054412,6736
9055512,5255
9057012,4977
9058112,5518
9059212,4292
9060312,5034
9061412,5659
9062912,5451
9064012,5553
9065112,6355
9066212,6583
9067712,6445
9068812,6865
9069912,7018
9071012,6260
9072512,7796
9073612,5620
9074712,5275
9075812,6067
9146310,6087
9147810,5324
9148910,6432
9150010,5703
9151110,6488
9152712,6925
9153812,6024
9154912,7266
9156012,6890
9157512,6914
9158612,6397
9159712,6347
9160812,7249
9162312,6225
9163412,5976
9164512,5628
9165612,6272
9167112,5265
9168212,5833
9169312,4046
9170412,5512
9171912,5692
9173012,6229
9174112,5548
9175212,6623
9176312,6877
9177812,6197
9178912,6987
9180012,8698
9181112,6600
9182612,6443
9183712,5502
9184812,6059
9185912,3952
9187412,4091
9188512,6160
9189612,5254
9190712,4978
9274016,6133
9275669,6731
9277211,6404
9278311,6885
9279411,6894
9280511,7309
9282011,7163
9283111,5452
9284211,5158
9285311,4982
9286411,7481
9287911,6815
9289011,6322
9290111,6903
9291211,6437
9292711,5158
9293811,5709
9294911,5789
9296011,5044
9297511,5993
9298611,6332
9299711,7582
9300811,7440
9302411,8946
9303511,7791
9304611,6941
9305711,5682
9307211,5069
9308311,3938
9309411,6110
9310511,5186
9312011,7572
9313111,6560
9314211,6074
9315311,6307
9316411,6197
9386312,6219
9407012,4990
9408512,5067
9409612,6252
9410712,7644
9412212,8178
9413312,8490
9414412,6457
9415512,5316
9436212,6502
9437712,3811
9438819,4871
9440012,6309
9441212,5582
9442712,4963
9443812,5995
9444912,5236
9446012,5371
9447612,7147
9448712,6763
9449812,6495
9450912,5967
9452412,6580
9453512,5024
9454612,6193
9455712,6020
9457212,4913
9458312,6416
9541211,5365
9542711,3641
9543911,6866
9545011,4038
9546211,7276
9547811,6319
9548911,5500
9550011,7024
9551111,4751
9552611,7744
9553711,4990
9554811,5784
9555911,8455
9557411,7301
9558511,9387
9559611,4753
9560711,7293
9562211,7130
9563311,2873
9564411,7251
9565511,2252
9567011,7328
9568111,7118
9569211,5161
9570311,8954
9571411,4157
9572911,6303
9574011,7186
9575111,5050
9576211,8886
9577811,6853
9578911,6609
9580011,6496
9581111,5190
9582611,3441
9583711,6843
9584811,5757
9585911,6034
9587411,8625
9588511,5021
9589611,7154
9590711,5297
9661012,8138
9662612,6619
9663812,7468
9664912,6697
9666012,4225
9667512,5787
9668612,5222
9669712,5382
9670812,6145
9672312,4674
9673412,7594
9674512,4200
9675612,5026
9677112,6407
9678212,7373
9679312,6904
9680412,7429
9681912,6012
9683012,7868
9684112,6530
9685212,5443
9686312,5476
9770612,6970
9772112,5898
9773312,6315
9774412,6811
9775512,5194
9777112,5357
9778212,7472
9779312,5890
9780412,6968
9781912,6102
9783012,4924
9784112,7028
9785212,4222
9786312,6880
9787812,7163
9788912,6248
9790012,6060
9791112,5314
9792612,6474
9793712,7275
9794812,5961
9795912,5480
9797412,5688
9798512,6056
9799612,5917
9800712,7146
9802212,5374
9803312,5572
9804412,6116
9805512,5363
9807012,5525
9808112,6561
9809212,6502
9810312,6429
9811412,6328
9812912,5955
9814012,6606
9815112,5619
9816212,6071
9817812,6100
9818912,6383
9820012,6023
9821112,6546
9822612,5927
9823712,5894
9824812,6342
9825912,4922
9846710,4822
9848210,7095
9849310,6229
9850510,5617
9921012,5740
9922612,5215
9923812,6844
9924912,6249
9926012,7508
9927512,6944
9928612,6266
9929712,7860
9930812,5196
9932312,5731
9933412,4336
9934512,5766
9935612,4702
10024310,6361
10025912,6073
10027422,6948
10028612,9120
10029712,8550
10030812,6692
10032312,6266
10033412,5818
10034512,4864
10035612,5321
10037212,5558
10038312,6475
10039412,6796
10040512,5408
10042012,4892
10043112,4335
10044212,4792
10045312,5268
10046412,4999
10047912,5626
10049012,5628
10050112,6347
10051212,6176
10052712,6438
10053812,9279
10054912,7905
10056012,7841
10057512,6092
10058612,6097
10059712,4892
10060812,5592
10062312,4880
10063412,4977
10064512,5575
10065612,4835
10067112,6330
10068212,7009
10069312,6970
10070412,7251
10071912,6328
10073012,6952
10074112,7004
10075212,5753
10076312,6526
10077912,7185
10079012,7755
10080112,7554
10081212,6740
10082712,4684
10083812,5550
10084912,5066
10086012,4429
10087512,4770
10088612,4803
10089712,6277
10090812,5361
10092312,6280
10093412,6533
10094512,6386
10095612,5699
10166110,5927
10167610,6443
10168710,6184
10169810,6195
10259512,6926
10261112,6254
10262712,6462
10263812,5889
10264912,6484
10266012,6260
10267512,6452
10268612,6782
10269712,6599
10270812,5980
10272312,4795
10273412,5880
10274512,5213
10275612,6244
10277112,5874
10278212,7117
10279312,5452
10280412,6874
10281912,6162
10283012,5933
10284112,5725
10285212,5302
10286312,5889
10287812,6753
10288912,7297
10290012,7106
10291112,5975
10292712,6518
10293812,6144
10294912,5655
10296012,6178
10297512,6160
10298612,6206
10299712,6418
10300812,5421
10302312,5716
10303412,4356
10304512,5063
10305612,4702
10307112,4862
10308212,5570
10309312,5997
10310412,6438
10311912,8648
10313012,7548
10314112,8057
10315212,7078
10316312,6974
10317812,5765
10318912,4919
10320012,4992
10321112,4867
10322612,6179
10323712,5098
10324812,5970
10325912,5281
10336912,7235
10338412,8408
10339512,7398
10340712,5798
10342212,5837
10343312,4554
10344412,2983
10345512,4343
10459010,8030
10536610,6803
10538112,4842
10539212,5972
10540312,5321
10541512,4984
10543012,4024
10544112,7988
10545212,5478
10546312,7133
10547812,7348
10548912,7944
10550012,7025
10551112,6264
10552712,5415
10553812,5550
10554912,5302
10556012,5802
10557512,6848
10558612,5114
10559712,6162
10560812,6142
10562312,5394
10563412,8100
10564512,6524
10565612,6501
10567112,7985
10568212,5909
10569312,5211
10570412,4837
10571912,5357
10573012,5931
10574112,4636
10575212,6622
10576312,5084
10577812,7528
10578912,6883
10580012,7801
10581112,6449
10582612,6968
10583712,5905
10584812,4225
10585912,8064
10587412,5714
10588512,7283
10589612,5250
10590712,6839
10592312,5738
10593412,6645
10594512,5730
10595612,7052
10597112,5901
10598212,6054
10599312,5899
10600412,4331
10601912,5832
10603012,5381
10604112,6757
10605212,5046
10606312,8723
10607812,3794
10608912,8605
10610012,6737
10611112,6462
10701012,5265
10702512,5498
10703712,7943
10704812,5369
10705912,5514
10707412,5959
10708512,6707
10709612,5111
10710712,7671
10712312,7393
10713412,5973
10714512,5932
10715612,7005
10788111,6994
10789711,5873
10790911,7058
10792411,8096
10793511,6960
10794611,6889
10795711,8215
10797211,7195
10798311,6187
10799411,5270
10800511,5618
10802011,4805
10803111,4460
10804211,4649
10805311,6110
10806411,6477
10807911,6691
10809011,7187
10810111,6355
10811211,6206
10812711,6399
10813811,6296
10814911,5697
10816011,5958
10817511,6709
10818611,6693
10819711,6492
10820811,6397
10822411,6580
10823511,7301
10824611,7229
10825711,5884
10835712,5979
10837212,7623
10838312,6819
10839412,8047
10840612,8010
10842112,6962
10843212,6307
10844312,5829
10845412,5992
10846912,5804
10848012,5667
10849112,5805
10850212,5215
10851312,5346
10852812,5698
10853912,5495
10855012,5838
10856112,5684
10857612,7362
10947210,7353
10948710,7028
10949810,6444
10950910,7345
10952412,6009
10953512,6383
10954612,6099
10955712,7125
10957212,5384
10958312,6252
10959412,5029
10960512,3995
10962012,4307
10963112,5766
10964212,5154
10965312,6319
10966412,6349
10968012,6500
10969112,6502
10970212,6905
10971312,7649
11044010,5749
11045610,4337
11047112,6222
11048212,5859
11049312,6510
11050412,8331
11051912,6898
11053012,7001
11054112,8141
11055212,4975
11056312,7284
11057812,4482
11058912,6321
11060012,6261
11061112,5759
11062612,6950
11063712,5116
11064812,6275
11065912,7674
11067412,4428
11068512,6519
11069612,4364
11070712,6468
11072212,6129
11073312,4136
11074412,9643
11075512,6318
11077112,8284
11078212,8844
11079312,6702
11080412,6843
11081912,2954
11083012,5838
11084112,4322
11085212,6647
11086312,5257
11087812,7355
11088912,6575
11090012,6311
11091112,7080
11092612,5101
11093712,6878
11094812,2826
11184410,6075
11185912,6182
11187412,6135
11188612,6724
11189712,7750
11190812,6011
11192412,7753
11193512,5699
11194612,6374
11195712,6648
11197212,4876
11198312,6783
11199412,5682
11200512,5118
11202012,5768
11203112,5120
11204212,5299
11205312,6060
11206412,6438
11207912,8285
11209012,6406
11210112,6920
11211212,6261
11212712,6910
11213812,7362
11214912,7220
11216012,6789
11217512,6350
11218612,5356
11219712,4291
11220812,3654
11293010,6438
11294510,6861
11295610,6936
11297112,7440
11298212,5764
11299312,4657
11300412,6904
11301912,7363
11303012,3793
11304112,4800
11305212,4734
11306312,7662
11307812,7294
11308912,6780
11310012,6882
11311112,7310
11312612,6287
11313712,7137
11314812,6186
11315912,5164
11317412,5657
11318512,4523
11319612,5147
11320712,5374
11322212,6770
11323312,6938
11324412,7654
11325512,6991
11339111,4803
11340611,8052
11342111,4880
11343411,9277
11344511,5191
11434210,8969
11458210,6448
11459710,5719
11460910,3428
11462512,3998
11463612,6014
11464712,6697
11465812,7885
11467312,6853
11468412,6818
11469512,3747
11470612,6979
11472112,6785
11473212,6228
11474312,6509
11475412,7295
11476912,6244
11478012,6273
11479112,6709
11480212,5443
11481312,4126
11482812,5999
11483912,7128
11485012,7464
11486112,6042
11487612,6077
11488712,4177
11489812,4635
11490912,5353
11492512,6839
11493612,5821
11494712,7469
11495812,8384
11567211,6427
11568811,7599
11570011,4551
11571111,6011
11572611,5233
11573711,7561
11574811,8645
11575911,6111
11577411,7381
11578511,5992
11579611,6980
11580711,7131
11582211,5163
11583311,5532
11584411,5715
11585511,5800
11587111,7109
11588211,4130
11589311,4752
11590411,3921
11591911,5896
11593011,6063
11594111,6828
11595211,5424
11596311,6359
11597811,7272
11598911,7941
11600011,6850
11601111,4018
11602611,5006
11603711,5141
11693310,7732
11694812,7609
11695912,5090
11697412,5816
11698512,3662
11699612,5461
11700712,3848
11702212,5213
11703312,6068
11704412,5898
11705512,7645
11707112,9023
11708212,6766
11709312,8401
11710412,5331
11711912,4290
11713012,4421
11714112,5736
11715212,4417
11716312,6775
11717812,5409
11718912,7258
11720012,8649
11721112,7704
11722612,6523
11723712,6001
11724812,3903
11725912,4409
11727412,4797
11728512,4712
11729612,6095
11730712,5710
11732212,6569
11733312,9496
11734412,8904
11735512,7481
11737012,7610
11738112,5291
11739212,5542
11740312,3772
11741412,2740
11742912,3303
11744012,6068
11745112,6016
11746212,6089
11818011,4570
11819511,6462
11820711,5935
11822211,5607
11823311,7848
11824411,6545
11825511,6498
11835412,7095
11836912,6001
11838012,7536
11839112,6052
11840212,5013
11841312,5756
11842812,5824
11843912,5475
11845012,6274
11846112,6425
11847612,7234
11848712,7002
11938410,7316
11940010,6718
11941210,8211
11942812,6373
11943912,7561
11945012,5201
11946112,5098
11947612,3353
11948712,4861
11949812,4890
11950912,5241
11952412,6456
11953512,8825
11954612,8583
11955712,8819
11957212,7866
11958312,7742
11959412,5867
11960512,6198
11962012,4568
11963112,4173
11964212,4368
11965312,4492
11966412,4499
11967912,5193
11969012,6707
11970112,6168
11971212,7387
11972712,7352
11973812,7588
11974912,7115
11976012,6878
11977512,4721
11978612,4139
11979712,4688
11980812,4464
11982412,5424
11983512,5304
11984612,6650
11985712,7438
11987212,7204
11988312,7144
11989412,6958
11990512,5835
11992012,6287
11993112,5489
11994212,5613
11995312,5462
11996412,5825
11997912,5087
11999012,6472
12000112,6021
12001212,6690
12073110,7063
12074612,7120
12075712,5751
12077212,6284
12078312,7123
12079412,6289
12080512,6996
12082012,6900
12083112,6496
12084212,5698
12085312,6120
12175012,6730
12176612,5975
12178112,6185
12179212,5790
12180312,7299
12181412,5070
12182912,7049
12184012,5961
12185112,6185
12186212,5040
12187712,5608
12188812,5604
12189912,6373
12191012,5344
12192512,6227
12193612,5810
12194712,6312
12195812,8313
12197312,5926
12198412,5905
12199512,6116
12200612,6550
12202112,6862
12203212,6487
12204312,7654
12205412,5402
12207012,4949
12208112,5020
12209212,4653
12210312,4689
12211412,6103
12212912,7430
12214012,7133
12215112,6837
12216212,5860
12217712,5973
12218812,4933
12219912,5453
12221012,4629
12222512,5565
12223612,6961
12224712,7704
12225812,8245
12227312,6651
12228412,5415
12229512,5489
12230612,2863
12232112,4448
12233212,5463
12234312,7834
12235412,6681
12236912,6452
12238012,6647
12239112,7522
12240212,6097
12241312,6189
12242812,6721
12243912,6448
12245012,6841
12246112,6210
12247712,5768
12248812,4601
12249912,4007
12251012,3387
12416410,3345
12428710,6006
12430210,5940
12431310,8044
12432912,8122
12434012,6279
12454312,8859
12455821,8483
12457312,6816
12458412,7978
12459612,6455
12460712,5830
12462312,5209
12463412,6349
12464512,5545
12465612,6252
12467112,4901
12468212,4982
12469312,5109
12470412,3973
12471912,4942
12473012,6123
12474112,5469
12475212,7069
12476312,7757
12477812,6611
12478912,7753
12480012,7158
12481112,8564
12482612,5944
12483712,5306
12484812,5176
12485912,6270
12487412,5538
12488512,6485
12489612,6285
12490712,5598
12492312,6563
12493412,5344
12494512,6840
12495612,8005
12497112,7026
12498212,7565
12499312,7809
12500412,9117
12501912,7413
12503012,7074
12504112,6556
12505212,7793
12506312,4664
12507812,4749
12508912,5023
12510012,5333
12511112,4418
12512612,5081
12513712,5549
12514812,6734
12515912,4991
12517412,6657
12518512,5393
12519612,7197
12520712,6935
12522212,8872
12523312,8676
12612810,6728
12614312,6504
12615412,7210
12688512,3931
12690012,4664
12691112,4713
12692712,6762
12693812,6762
12694912,7415
12696012,6881
12697512,6523
12698612,5950
12699712,6213
12700812,5930
12702312,6713
12703412,7109
12704512,6899
12705612,5871
12707112,5415
12708212,5727
12709312,4291
12710412,4680
12711912,6372
12713012,5463
12714112,6237
12715212,7983
12716312,6426
12717812,5986
12718912,6318
12720012,7814
12721112,6375
12722612,7457
12723712,7022
12724812,7865
12725912,6811
12727412,5768
12728512,5548
12729612,5582
12730712,4810
12732312,6315
12733412,6617
12734512,3718
12735612,6283
12737112,5937
12738212,3872
12739312,7068
12740412,7980
12741912,9210
12743012,9071
12744112,6972
12745212,5582
12746312,4093
12747812,3481
12748912,4517
12750012,6206
12751112,4533
12752612,6866
12753712,6708
12754812,6238
12755912,5866
12757412,6326
12758512,4398
12759612,5712
12760712,7313
12850612,6596
12867711,3806
12869211,5152
12870311,5509
12871411,6638
12873011,8952
12874111,7393
12875211,8321
12876311,4144
12949310,6098
12950810,8502
12952312,7292
12953512,6786
12954612,6260
12955712,4346
12957212,4296
12958312,6919
12959412,5741
12960512,7341
12962012,7259
12963112,7348
12964212,7019
12965312,3797
12966412,4934
12968012,4513
12969112,4823
12970212,6210
12971312,5935
12972812,7446
12973912,6470
12975012,6268
12976112,5079
12977612,5043
12978712,6459
12979812,8367
12980912,6639
12982412,6348
12983512,6500
12984612,5198
12985712,3769
12987212,4201
12988312,4698
12989412,3794
12990512,6446
12992012,7460
12993112,7372
12994212,8141
12995312,7255
12996412,7232
12997912,7329
12999012,6451
13000112,8324
13001212,7554
13002712,7951
13003812,6407
13004912,5925
13006012,5446
13007612,5026
13008712,6692
13009812,6281
13010912,4464
13012412,5838
13013512,6531
13014612,5589
13103211,7449
13104811,5330
13105911,6053
13107511,4851
13108611,4781
13109711,6006
13110811,6701
13112311,6318
13113411,6061
13114511,5725
13115611,4574
13117111,5855
13118211,5766
13119311,6260
13120411,6502
13121911,7362
13123011,7295
13124111,6035
13125211,3806
13126311,4553
13199012,8825
13200612,8167
13202112,7824
13203212,6627
13204312,7018
13205412,5591
13206912,3859
13208012,3111
13209112,2849
13210212,4131
13211312,3738
13212812,5860
13213912,7456
13215012,5874
13216112,6306
13217612,7912
13218712,6742
13219812,8437
13220912,6938
13222412,8258
13223512,7184
13224612,6259
13225712,5258
13227212,6198
13228312,5992
13229412,6120
13230512,4843
13232112,5006
13233212,5856
13234312,3582
13235412,5596
13236912,6023
13238012,5485
13239112,5339
13240212,7323
13241312,4901
13242812,7365
13243912,6139
13245012,6358
13246112,7029
13247612,6541
13248712,7217
13249812,8427
13250912,5097
13340812,5776
13357812,4754
13359312,5186
13360412,3279
13361912,4119
13363012,5441
13364112,5734
13365212,5846
13366312,6499
13367812,6206
13368912,4984
13370012,4983
13371112,8840
13372612,7042
13373712,8297
13374812,7496
13375912,4936
13377412,3799
13378512,4953
13379612,4653
13380712,4349
13382212,4470
13383312,7395
13384412,6921
13385512,6538
13481410,6143
13483012,8923
13484112,8061
13485212,6675
13486412,5684
13487912,5865
13489012,7000
13490112,5935
13491212,5600
13492712,7207
13493812,6656
13494912,5708
13496012,4668
13497612,6415
13498712,6486
13499812,7527
13500912,7735
13502412,7475
13503512,5687
13504612,6518
13505712,7715
13507212,6909
13508312,4405
13509412,6288
13510512,7605
13512012,7409
13513112,6774
13514212,5605
13515312,7480
13516412,2531
13517912,3925
13519012,4772
13520112,5673
13521212,5633
13522712,8731
13523812,7591
13524912,7985
13526012,7305
13527512,8270
13617110,4656
13618712,5780
13619817,7291
13621012,7456
13622512,7066
13623612,5416
13624712,4756
13625812,6090
13627312,3917
13628412,5707
13629512,6751
13630612,6609
13632112,4549
13633212,4989
13634312,3742
13635412,4419
13636912,4414
13638012,5714
13639112,6876
13640212,6210
13641312,7993
13642912,6187
13644012,5612
13645112,5016
13646212,6725
13647712,5999
13648812,6558
13649912,8079
13651012,8085
13652512,5569
13653612,6019
13654712,5275
13655812,6403
13657312,6487
13658412,5740
13659512,7243
13660612,7048
13732611,6328
13734211,5786
13735411,6242
13736911,5109
13738011,4890
13739111,4811
13740211,5171
13741311,5695
13742811,6409
13743911,6222
13745011,7927
13746111,7419
13747611,7858
13748711,8998
13749811,8645
13750911,7243
13752411,5170
13753511,4377
13754611,3397
13755711,3048
13757211,3239
13758311,4978
13759411,5991
13760511,6426
13762011,6431
13763111,6993
13764211,5879
13853710,6628
13866912,4910
13868412,6938
13869512,7006
13870712,8795
13872212,8263
13873312,7035
13874412,6142
13875512,6751
13877012,6645
13878112,5866
13879212,5824
13880312,5434
13881412,5736
13883012,4568
13884112,5310
13885212,5530
13886312,6302
13887812,3790
13888912,5365
13890012,4740
13891112,3940
13892612,5862
13893712,6510
13894812,5890
13895912,7500
13897412,7403
13898512,8146
13899612,7033
13900712,6967
13902212,6593
13903312,6846
13904412,5462
13905512,6537
13907012,6376
13908112,4869
13909212,3835
13910312,5715
13911412,6013
13912912,5016
13914012,5542
13915112,7127
13916212,5606
13917712,6899
13918812,7165
13919912,6641
13921012,6947
13993611,6207
13995211,6899
13996411,8402
13997911,8941
13999011,8651
14000111,7459
14001211,7818
14002711,6929
14003811,4472
14004911,4897
14006011,4597
14007511,4117
14008611,5452
14009711,7041
14010811,7524
14012311,7294
14013411,6307
14103210,6465
14104710,6192
14105810,5775
14107312,5406
14108412,3893
14109512,5668
14110612,4470
14112112,6846
14113212,2779
14114312,4643
14115412,5703
14116912,6317
14118012,10225
14119112,8890
14120212,7440
14121312,6818
14122812,5508
14123912,6591
14125012,5393
14126112,5382
14127612,5075
14128712,4791
14129812,5585
14130912,6061
14132412,6308
14133512,5793
14134612,5697
14135712,6265
14137312,4468
14138412,8016
14139512,7097
14140612,6545
14142112,7512
14143212,6513
14144312,3325
14145412,6699
14146912,6176
14148012,8142
14149112,7796
14150212,6915
14151312,5121
14152812,4333
14153912,5339
14155012,5497
14156112,5075
14157612,6128
14158712,5558
14159812,5634
14160912,7193
14162412,6449
14163512,7583
14164612,7550
14165712,6683
14167212,7460
14168312,7579
14169412,6345
14170512,6995
14242012,7681
14243512,5078
14244612,4195
14245712,5979
14247212,5413
14248312,6704
14249412,9349
14339110,5242
14352412,4143
14353912,4764
14355012,5426
14356212,5907
14357812,4750
14358912,6883
14360012,7864
14361112,8581
14362612,6754
14363712,5895
14364812,5059
14365912,4668
14367412,3974
14368512,6221
14369612,5930
14370712,7028
14372212,8432
14373312,6273
14374412,7476
14375512,5969
14377012,6061
14378112,6269
14379212,7189
14380312,6977
14381412,7503
14382912,6183
14384012,5781
14385112,5503
14386212,5987
14387712,5112
14388812,7104
14389912,6955
14391012,8340
14392512,7058
14393612,4711
14394712,5882
14395812,6108
14397412,5015
14398512,5343
14399612,6714
14400712,8465
14402212,6231
14403312,3722
14404412,6693
14405512,6194
14407012,5906
14408112,6981
14409212,7918
14410312,6145
14411412,6396
14412912,4673
14414012,4313
14415112,5916
14416212,6469
14417712,5767
14418812,5550
14419912,7013
14421012,6592
14422512,7852
14423612,4245
14424712,7159
14425812,6293
14427312,5632
14541012,7297
14618810,6201
14620310,4872
14621410,6929
14622912,6400
14624012,7397
14625112,5896
14626212,5256
14627712,5357
14628812,6770
14629912,3166
14631012,9196
14632512,5806
14633612,5907
14634712,6823
14635812,3833
14637312,5024
14638412,3981
14639512,6804
14640612,7969
14642112,8477
14643212,6482
14644312,6085
14645412,7946
14646912,5745
14648012,6197
14649112,7099
14650212,6644
14651312,6965
14652912,4876
14654012,5714
14655112,4344
14656212,5248
14657712,4329
14658812,9122
14659912,6021
14661012,8089
14662512,8354
14663612,4314
14664712,5010
14665812,5256
14667312,4021
14668412,5846
14669512,7325
14670612,6996
14672112,7404
14673212,6193
14674312,8413
14675412,6958
14676912,5897
14678012,7319
14679112,6276
14680212,3970
14681312,4838
14682812,4839
14683912,5394
14685012,6145
14686112,7287
14687612,6311
14688712,7189
14689812,7339
14690912,6480
14692512,7328
14693612,5356
14783110,5491
14784712,3913
14785818,5160
14787312,6476
14788412,6370
14789512,7442
14790612,6436
14792112,7036
14793212,6132
14794312,6305
14795412,6598
14867511,7461
14880910,7412
14882410,8318
14883510,4046
14884610,3008
14885710,4628
14887212,6846
14888312,5982
14889412,5055
14890512,3326
14892012,4121
14893112,6331
14894212,6761
14895312,7114
14896412,8740
14897912,8016
14899012,5941
14900112,4520
14901212,4336
14902712,6488
14903812,5802
14904912,5754
14906012,5073
14907512,6522
14908612,6554
14909712,5855
14910812,6133
14912312,6202
14913412,7640
14914512,5836
14915612,6394
14917212,6040
14918312,5994
14919412,5741
14920512,6371
14922012,6212
14923112,8133
14924212,7250
14925312,7853
14926412,7064
14927912,5751
14929012,4257
14930112,5702
14931212,6001
14932712,5754
14933812,5030
14934912,6541
14936012,5001
14937512,5597
14938612,7392
14939712,8291
14940812,7526
14942312,7814
15031812,5570
15033312,4836
15034412,7587
15035612,6759
15037212,6015
15038312,8415
15039412,6181
15040512,5657
15042012,6631
15043112,4876
15044212,7553
15045312,6052
15046412,6736
15047912,5588
15049012,6738
15050112,5945
15051212,6577
15052712,5715
15053812,5553
15054912,7102
15056012,6444
15128111,6760
15129711,5675
15130911,4849
15132411,3694
15133511,6221
15134611,5844
15135711,5803
15137211,6598
15138311,7079
15139411,5809
15140511,6997
15142011,7717
15143111,4367
15144211,8415
15145311,3945
15146411,4369
15147911,7486
15149011,8483
15150111,6464
15151211,6964
15152811,7857
15153911,4022
15155011,6065
15156111,7666
15157611,4491
15158711,8927
15159811,10475
15160911,3859
15162411,4948
15163511,7064
15164611,4820
15165711,6741
15167211,8739
15168311,5895
15169411,5027
15170511,6783
15172011,3907
15173111,5002
15174211,5785
15175311,2981
15176411,8750
15177911,9706
15179011,6833
15268510,6103
15270110,5956
15271219,7441
15272812,5990
15273912,4077
15275012,8110
15276112,5909
15277612,4448
15278712,6761
15279812,6908
15280912,6275
15282412,7265
15283512,4090
15284612,6023
15285712,7442
15287212,4347
15288312,6963
15289412,6162
15290512,5451
15292012,5146
15293112,6267
15294212,4732
15295312,6600
15296412,4762
15297912,7262
15299012,7189
15300112,7228
15301212,5535
15302712,7112
15303812,6016
15304912,5363
15306012,6067
15377612,6143
15398311,6219
15399811,5958
15400911,5330
15402411,6543
15403511,4517
15404611,4636
15405711,6054
15407311,5978
15408411,6338
15409511,6934
15410611,6528
15412111,6137
15413211,7783
15414311,5353
15415411,8463
15416911,4557
15418011,5453
15419111,5841
15420211,4339
15421311,4754
15422811,5361
15423911,5841
15425011,6897
15426111,7127
15427611,6492
15428711,7462
15429811,5459
15430911,5752
15432411,6216
15433511,6269
15434611,5348
15548410,6439
15550010,4225
15551110,7796
15552712,7743
15553812,5435
15554912,7855
15556012,6635
15557512,4400
15558612,7582
15559712,5748
15560812,4007
15562312,4900
15563412,4405
15564512,3315
15565612,7767
15567112,7287
15568212,6235
15569312,10132
15570412,6139
15571912,5946
15573012,10186
15574112,4664
15575212,7741
15576312,6084
15577812,4917
15578912,3668
15580012,2838
15581112,4294
15582612,5887
15583712,6006
15584812,9142
15585912,6914
15587412,6919
15588512,9978
15589612,6087
15590712,5318
15592312,7501
15593412,4853
15594512,3758
15595612,8652
15668310,6860
15669910,6269
15671110,6096
15672612,5214
15673712,7541
15674812,6444
15675912,6392
15677412,6024
15678512,6715
15679612,6000
15680712,5270
15682212,4747
15683312,5102
15684412,3455
15685512,4416
15687112,6404
15688212,5589
15689312,7078
15690412,7788
15691912,6915
15693012,7662
15694112,7866
15695212,6374
15696312,7274
15786612,7274
15788212,7670
15789412,7050
15790612,5364
15792112,6757
15793212,5745
15794312,5679
15795412,6077
15797012,6213
15798112,6302
15799212,7301
15800312,6305
15801412,8101
15802912,6343
15804012,5620
15805112,4501
15806212,5468
15807712,4936
15808812,4336
15809912,5146
15811012,5447
15812512,6694
15813612,6329
15814712,6985
15815812,6168
15817312,6355
15818412,6356
15819512,4201
15820612,5540
15822112,4717
15823212,6012
15824312,6249
15825412,6809
15835311,7099
15836811,4964
15838311,6416
15839511,4915
15840611,4476
15842211,7078
15843311,6405
15844411,7924
15845511,7572
15917712,6470
15919312,4155
15920512,3806
15922012,5496
15923112,3161
15924212,7239
15925312,5537
15926412,7614
15927912,6769
15929012,6025
15930112,7142
15931212,4232
15932812,4444
15933912,7986
15935012,5980
15936112,6137
15937612,8623
15938712,5848
15939812,6437
15940912,6278
15942412,4548
15943512,6070
16033112,5777
16034712,6574
16035812,7450
16037312,6968
16038412,7579
16039512,7442
16040612,8063
16042112,6357
16043212,7158
16044312,6234
16045412,6628
16046912,5827
16048012,6688
16049112,5366
16050212,4367
16051312,4830
16052912,4427
16054012,5379
16055112,4747
16056212,5976
16057712,6435
16058812,5329
16059912,5308
16061012,7610
16062512,6633
16063612,8136
16064712,6603
16065812,9287
16067312,7784
16068412,7628
16069512,5623
16070612,5433
16072112,5386
16073212,5206
16074312,4643
16075412,4179
16076912,5696
16078012,4430
16079112,4356
16080212,5543
16081312,6700
16082812,5426
16083912,6950
16085012,7905
16086112,8182
16087612,8538
16088712,8493
16089812,6954
16090912,7052
16092512,6015
16093612,5667
16094712,5076
16095812,4557
16168011,5971
16169611,5309
16170811,5664
16172311,5960
16173411,3950
16174511,5208
16175611,4374
16177111,5836
16178211,6825
16179311,5008
16180411,6162
16269310,7242
16270912,6960
16272412,6745
16273512,7099
16274612,7678
16275712,7539
16277212,5702
16278312,5589
16279412,4826
16280512,5344
16282012,3169
16283112,4644
16284212,5044
16285312,5886
16286412,5974
16287912,7122
16289012,6353
16290112,8547
16291212,7032
16292712,8253
16293812,8452
16294912,8253
16296012,7552
16297512,7601
16298612,6237
16299712,6082
16300812,4970
16302312,3981
16303412,4060
16304512,4855
16305612,4533
16307212,5698
16308312,6502
16309412,6127
16310512,5028
16312012,4868
16313112,5900
16314212,7521
16315312,6244
16316412,8100
16317912,9684
16319012,7068
16320112,6801
16321212,7782
16322712,7298
16323812,7760
16324912,7392
16326012,5160
16341610,8364
16343110,9854
16344210,8250
16345310,8219
16346410,7980
16347912,6552
16349012,5839
16350112,5548
16351212,3987
16423611,6184
16425211,5861
16426411,4910
16427911,3196
16429011,3409
16430111,4480
16431211,2936
16521313,7632
16522912,6853
16524012,6837
16545112,6451
16546612,7167
16548212,5796
16549412,5395
16550512,3851
16552012,4671
16553112,5153
16554212,5893
16555312,5990
16556412,6457
16557912,7224
16559012,7668
16560112,6520
16561212,5147
16562812,5022
16563912,6079
16565012,6416
16566112,6113
16567612,7317
16568712,7111
16569812,6500
16570912,4836
16572412,6730
16573512,5736
16574612,6540
16575712,6934
16577212,7132
16578312,6590
16579412,5536
16580512,4142
16582012,4319
16583112,5302
16584212,5544
16585312,7117
16586412,5540
16587912,7207
16589012,6082
16590112,6062
16591212,5260
16592712,6280
16593812,5684
16594912,6712
16596012,8146
16597512,7131
16598612,6324
16599712,7128
16600812,5818
16602412,6220
16603512,6921
16604612,7241
16605712,7617
16607212,6319
16608312,6076
16609412,5841
16610512,5100
16612012,5194
16613112,5966
16614212,6968
16615312,7242
16616412,6925
16688412,4980
16780769,7079
16782310,6646
16783510,6311
16784610,6593
16785710,5673
16787210,5826
16788310,5804
16789410,4816
16790510,4761
16792112,5168
16793212,5936
16794312,5955
16795412,6907
16796912,6173
16798012,7105
16799112,6127
16800212,5731
16801312,6090
16802812,8087
16803912,6838
16805012,6160
16806112,7487
16807612,6861
16808712,5172
16809812,4632
16810912,4657
16812412,4342
16813512,4903
16814612,6164
16815712,5542
16817212,4426
16818312,4813
16819412,5971
16820512,4074
16822012,6748
16823112,6750
16824212,6686
16825312,6864
16826412,8219
16836312,7065
16837812,5404
16838912,6378
16840012,5826
16841112,4188
16842612,6526
16843712,6248
16844812,6370
16845912,5743
16847412,6274
16848512,7952
16849612,7339
16850712,6908
16852212,8865
16853312,6819
16854412,6911
16855512,5546
16857012,5492
16858112,5974
16859212,5611
16860312,5496
16861412,5896
16862912,6709
16864012,5279
16865112,7635
16954710,5484
16956312,7533
16957812,7143
16958912,8757
16960012,7776
16961112,7869
17033111,5215
17034611,6573
17035811,8635
17037311,3987
17038411,7092
17039511,4892
17040611,5970
17042211,7674
17043311,6521
17044411,5222
17045511,6701
17047011,3751
17048111,5344
17049211,4139
17050311,7297
17051411,3427
17052911,7202
17054011,6084
17055111,6235
17056211,5566
17057711,5276
17058811,4516
17059911,6753
17061011,6521
17062511,5780
17063611,5995
17064711,7203
17065811,3816
17067311,8549
17068411,5814
17069511,6211
17070611,5471
17072111,8346
17073211,4092
17074311,7261
17075411,6703
17076911,5573
17078011,4610
17079111,6782
17080211,3376
17081311,6845
17082911,5691
17084011,6074
17085111,6976
17086211,6843
17087711,6339
17088811,8491
17089911,7494
17091011,5483
17092511,5633
17093611,6729
17094711,6248
17095811,5878
17097311,4426
17098411,4650
17099511,7474
17100611,5325
17102111,6707
17191812,6077
17193312,7737
17194412,7246
17195612,7463
17197112,5394
17198212,5899
17199312,7065
17200412,6024
17201912,6823
17203012,7967
17204112,8127
17205212,6121
17206312,6335
17207812,6842
17208912,4572
17210012,5087
17211112,5714
17283010,5354
17284510,6405
17285710,6724
17287210,5705
17288310,6526
17289410,7640
17290510,6886
17292111,6849
17293211,6703
17294311,5870
17295411,5863
17296911,4853
17298011,5826
17299111,5750
17300211,5832
17301311,5995
17302811,6397
17303911,6618
17305011,6369
17306111,8476
17307611,7866
17308711,7546
17309811,6911
17310911,5306
17312411,4830
17313511,5045
17314611,4032
17315711,4465
17317211,4159
17318311,5029
17319411,6393
17320511,6409
17322011,7729
17323111,7098
17324211,6812
17325311,7190
17326411,7631
17347012,6486
17348512,6834
17349612,6925
17350712,6119
17352212,7373
17353312,6608
17354412,7743
17355512,9390
17357112,7586
17358212,7324
17447812,6182
17449312,5716
17450412,6531
17451912,5087
17453012,6755
17454112,5441
17455212,5063
17456312,3978
17457812,5415
17458912,5249
17460012,5954
17461112,7999
17462612,8865
17463712,7865
17464812,6643
17465912,5405
17467412,5539
17468512,5193
17469612,5386
17470712,7009
17472212,7981
17473312,6395
17474412,5186
17475512,4933
17571712,7264
17573312,8034
17574412,6428
17575512,6722
17577112,4353
17578212,5074
17579312,6052
17580412,3143
17581912,7533
17583012,6303
17584112,6106
17585212,7630
17586312,6731
17587812,5181
17588912,4887
17590012,6132
17591112,8625
17592612,6797
17593712,7373
17594812,7785
17595912,5619
17597412,6116
17598512,5478
17599612,5289
17600712,7535
17602212,5071
17603312,4769
17604412,2841
17605512,2440
17607112,6054
17608212,6916
17609312,7473
17610412,9062
17611912,8648
17613012,8047
17614112,5972
17615212,6038
17616312,5302
17617812,4452
17618912,6237
17708621,6015
17710221,6587
17711568,6931
17713112,6409
17714212,5615
17715312,6145
17716412,4130
17717912,4487
17719012,3841
17720112,4152
17721212,5345
17722712,7470
17723812,8119
17724912,8346
17726012,7749
17727512,7100
17728612,7298
17729712,7050
17730812,6137
17732312,4878
17733412,4144
17734512,3738
17735612,3846
17737212,3863
17738312,5845
17739412,6923
17740512,7449
17742012,8599
17743112,8464
17744212,8818
17745312,8872
17746412,7055
17747912,5798
17749012,5263
17750112,3835
17751212,4520
17823010,5231
17824610,4097
17825810,3964
17835712,6029
17837212,7241
17838312,5849
17839412,5077
17840512,5296
17842012,4869
17843112,5219
17844212,5437
17845312,3659
17846412,6504
17847912,8351
17849012,7077
17850112,7260
17851212,7457
17852712,8056
17853812,6816
17854912,5889
17856012,4897
17857512,4568
17858612,4229
17859712,5375
17860812,4002
17862312,7113
17863412,6469
17864512,6809
17954210,7703
17955810,6099
17957312,6803
17958412,5710
17959512,6319
17960612,7150
17962112,8622
17963212,8888
17964312,6704
17965412,5677
17966912,5833
17968012,4903
17969112,2891
17970212,5293
17971312,3731
17972912,4727
17974012,4894
17975112,4532
17976212,5517
17977712,7968
17978812,6891
17979912,8308
17981012,9424
17982512,9505
17983612,7854
17984712,7881
17985812,7811
17987312,5529
17988412,5312
17989512,4538
17990612,5776
17992112,4928
17993212,3877
17994312,5576
17995412,4807
17996912,4655
17998012,5907
17999112,6347
18000212,7761
18001312,8937
18002812,7481
18003912,6834
18005012,5780
18006112,6329
18078612,5158
18080212,5148
18081412,6497
18082912,5462
18084012,5175
18085112,5950
18086212,4862
18087712,4288
18088812,6761
18089912,7929
18091012,6487
18092512,8231
18093612,6721
18094712,5540
18095812,5890
18097412,6473
18098512,5305
18099612,5401
18100712,6991
18102212,5197
18192021,4688
18193621,5305
18194812,6564
18196015,5866
18197612,6215
18198712,7529
18199812,7501
18200912,7736
18202412,7056
18203512,6643
18204612,6713
18205712,6653
18207212,4596
18208312,5663
18209412,4908
18210512,6883
18212012,6612
18213112,6615
18214212,7057
18215312,5739
18216412,4608
18217912,6233
18219012,5090
18220112,5528
18221212,6306
18222712,6308
18223812,8313
18224912,7510
18226012,6923
18227512,5574
18228612,4224
18229712,6370
18230812,4742
18232312,5161
18233412,4308
18234512,5201
18235612,5764
18237212,3039
18238312,4293
18239412,6247
18240512,6681
18242012,8185
18243112,7336
18244212,8582
18245312,6486
18246412,5790
18247912,5353
18249012,6627
18250112,6021
18251212,3052
18252712,5329
18253812,5197
18254912,6540
18256012,6582
18327911,8535
18345012,6402
18346512,7012
18348012,4859
18349268,6452
18350412,5218
18351912,7833
18353012,7196
18354112,6009
18355212,4250
18444812,6034
18446312,5828
18447812,5109
18449012,6243
18450112,4771
18451212,6104
18452812,6284
18453912,5023
18455012,6399
18456112,6358
18457612,5749
18458712,6068
18459812,5563
18460912,6023
18462412,5331
18463512,6317
18464612,6877
18465712,6465
18467212,5584
18468312,6557
18469412,6577
18470512,5743
18472012,7796
18473112,7802
18474212,4128
18475312,4680
18476412,5314
18477912,3745
18479012,6225
18480112,5730
18481212,5793
18482812,5544
18483912,6453
18485012,5864
18486112,6677
18487612,6996
18488712,6869
18489812,7729
18490912,7525
18492412,6023
18493512,5918
18494612,5094
18495712,4713
18497212,6402
18498312,5879
18499412,5086
18500512,5829
18502012,6806
18503112,6133
18504212,5987
18505312,7278
18506412,6962
18507912,7826
18509012,7882
18510112,6455
18511212,5899
18512712,5370
18513812,6906
18514912,6500
18516012,6762
18612011,6562
18613611,6196
18614711,6852
18615911,6731
18708010,4535
18709612,6765
18710712,6600
18712212,6914
18713312,6980
18714412,5833
18715512,5798
18717012,3556
18718112,5820
18719212,4239
18720312,6118
18721412,6492
18722912,6513
18724012,4526
18725112,7428
18726212,6558
18727712,7151
18728812,5164
18729912,7736
18731012,5201
18732512,6092
18733612,5356
18734712,5817
18735812,5146
18737312,4226
18738412,5666
18739512,6239
18740612,6778
18742112,5983
18743212,6973
18744312,5778
18745412,6045
18747012,6554
18748112,6308
18749212,6806
18750312,7458
18751412,4860
18752912,6939
18754012,6037
18755112,6319
18756212,5861
18757712,6404
18758812,5798
18759912,7140
18761012,6378
18762512,6345
18763612,5892
18764712,6394
18765812,4933
18767312,6559
18768412,6042
18769512,6011
18770612,5744
18772112,5921
18773212,5202
18774312,5999
18775412,5670
18776912,6449
18778012,5462
18779112,6177
18780212,6016
18781312,6357
18782812,6055
18783912,5920
18873610,6460
18888210,6423
18963612,7749
18965212,5984
18966313,6217
18967812,6638
18968912,7801
18970012,4440
18971112,6883
18972612,7296
18973712,3009
18974812,4291
18975912,6030
18977412,5666
18978512,7421
18979612,7245
18980712,5943
18982212,7558
18983312,9015
18984412,5953
18985512,6481
18987012,7318
18988112,5685
18989212,5918
18990312,8449
18991412,7313
18992912,5352
18994012,8531
18995112,7112
18996212,6704
18997712,5857
18998812,6160
18999912,3919
19001012,6248
19002612,5544
19003712,4054
19004812,4819
19005912,6498
19007412,6197
19008512,6801
19009612,8179
19010712,6458
19012212,6410
19013312,6416
19014412,5326
19015512,4544
19017012,6116
19018112,8063
19019212,5419
19020312,6215
19021412,6374
19022912,4946
19024012,5029
19025112,5621
19026212,4214
19027712,5632
19028812,5695
19029912,5997
19031012,6508
19032512,7045
19033612,7743
19034712,6257
19035812,6080
19037312,5321
19127010,6115
19128610,5752
19129810,5715
19130910,5815
19132412,5382
19133512,5786
19134612,6609
19135712,6325
19137212,5241
19138312,7591
19139412,6958
19140512,5926
19211911,7121
19213411,6371
19214511,7889
19215611,7925
19217211,7624
19218311,7647
19219411,6715
19220511,5668
19222011,4456
19223111,3685
19224211,4867
19225311,3809
19226411,4980
19227911,7141
19229011,7305
19230111,7897
19231211,8616
19232711,8211
19233811,6720
19234911,7388
19236011,3448
19237511,4288
19238611,4022
19239711,4700
19240811,5399
19242311,5564
19243411,5873
19244511,7403
19245611,7259
19247211,8445
19248311,8420
19249411,8275
19250511,6548
19252011,6921
19253111,4862
19254211,5099
19255311,5777
19256411,4717
19257911,5107
19259011,6997
19260111,7618
19261211,7113
19262711,7375
19263811,7652
19264911,5930
19266011,4908
19267511,3859
19268611,4985
19269711,3366
19270811,5114
19272311,7154
19273411,5885
19361810,6312
19374012,3953
19375512,6095
19377012,5459
19378212,6707
19379312,7267
19380412,6974
19381912,6423
19383012,6730
19384112,6724
19385212,8005
19386312,7190
19387812,5544
19388912,5940
19390012,5791
19391112,5737
19392712,5452
19393812,5434
19394912,5796
19396012,5949
19467612,6766
19469212,6166
19470412,5611
19471912,6192
19473012,5390
19474112,5403
19475212,5384
19476312,5478
19477812,6944
19478912,6132
19480012,7048
19481112,6436
19482612,6023
19483712,5236
19484812,6844
19485912,5112
19487512,5521
19488612,6004
19489712,5224
19490812,7634
19492312,5287
19493412,6092
19494512,7029
19495612,6218
19497112,7401
19498212,5842
19499312,7109
19500412,5880
19501912,5907
19503012,6187
19504112,6019
19505212,4711
19506312,6332
19507812,5957
19508912,6700
19510012,5556
19511112,6919
19512612,4483
19513712,5428
19514812,5867
19515912,5885
19517412,7302
19518512,4323
19519612,6470
19633310,4827
19634912,5160
19636012,4007
19637512,7093
19638612,3832
19639712,8213
19640812,8090
19642412,5030
19643512,6819
19644612,6871
19645712,5946
19647212,6555
19648312,6097
19649412,6933
19650512,8599
19652012,4144
19653112,4436
19654212,3811
19655312,5491
19656412,4080
19657912,5616
19659012,5993
19660112,6869
19661212,5994
19662712,5871
19663812,6900
19664912,6491
19666012,6655
19667512,8347
19668612,8038
19669712,7411
19670812,8024
19743711,4945
19745311,6489
19746511,5492
19748011,4281
19749111,5697
19750211,5795
19751311,5610
19752811,6454
19753911,6603
19755011,6011
19756111,7204
19757611,6804
19758711,7489
19759811,6845
19760911,6946
19762411,7434
19763511,6962
19764611,6294
19765711,7080
19767211,5366
19768311,5328
19769411,5826
19770511,6331
19772011,3744
19773111,5673
19774211,4273
19775311,6075
19776411,6128
19778011,6199
19779111,8579
19780211,7779
19781311,6550
19870212,7453
19883312,5425
19884912,7047
19886014,8624
19887512,4454
19888612,5855
19889712,7330
19890812,7025
19892312,4075
19893412,6648
19894512,5537
19895612,2760
19897112,4153
19898212,6737
19899312,5873
19900412,6520
19901912,3894
19903012,6463
19904112,6545
19905212,5254
19906312,6962
19907812,8167
19908912,5427
19910012,8236
19911112,6648
19912612,6077
19913712,6422
19914812,5168
19915912,4719
19917412,6575
19918512,5486
19919612,7544
19920712,7428
19922312,7639
19923412,5033
19924512,6703
19925612,6096
19998111,8740
19999711,7726
20000911,7098
20002411,3980
20003511,6750
20004611,4060
20005711,5450
20007211,4541
20008311,4504
20009411,5254
20010511,3147
20012011,5880
20013111,5120
20014211,6282
20015311,6454
20016411,5948
20018011,6052
20019111,8641
20020211,5973
20021311,6779
20022811,6035
20023911,4345
20025011,5713
20026111,4142
20027611,6881
20028711,5330
20029811,7526
20119510,7080
20121010,6418
20122512,6910
20123712,5726
20124812,5761
20125912,6981
20127412,5997
20128512,5311
20129612,6741
20130712,5362
20132312,7288
20133412,7035
20134512,5768
20135612,5502
20137112,5950
20138212,7240
20139312,7870
20140412,5190
20141912,5771
20143012,4365
20144112,3859
20145212,5482
20146312,6595
20147812,7404
20148912,7313
20150012,7494
20151112,6075
20152612,5451
20153712,6063
20154812,6036
20155912,4254
20157412,7333
20158512,5783
20159612,4494
20160712,3945
20162312,4587
20163412,6202
20164512,5996
20165612,6055
20167112,6812
20168212,6861
20169312,5899
20170412,5936
20171912,6903
20173012,6566
20174112,5414
20175212,5268
20176312,6104
20249011,6059
20250511,6795
20252014,6714
20253111,7624
20254211,7165
20255311,6056
20256411,8246
20257911,7972
20259011,5385
20260111,5822
20261211,3346
20262711,5210
20263811,4609
20264911,4043
20266011,6954
20267511,7513
20357510,5562
20378211,5213
20379711,4799
20380811,4648
20382311,5957
20383411,6586
20384511,5745
20385611,6346
20387211,7545
20388311,7305
20389411,7307
20390511,5598
20392011,7822
20393111,7091
20394211,6361
20395311,6026
20396411,5680
20397911,5562
20399011,4426
20400111,5075
20401211,5157
20402711,4948
20403811,6418
20404911,5616
20406011,5819
20407511,7879
20408611,7809
20409711,8158
20410811,7124
20412311,5303
20413411,5773
20414511,4909
20415611,5168
20417111,6082
20418211,6430
20419311,6809
20420411,5447
20421911,6208
20423011,5250
20424111,5146
20425211,6513
20426311,6816
20427911,7665
20429011,6593
20430111,6785
20431211,6742
20432711,4882
20433811,7500
20434911,6604
20436011,6650
20437511,7522
20438611,8148
20439711,6263
20440811,5602
20512812,6331
20514312,5257
20515412,7903
20516912,8562
20518012,8007
20519112,8063
20520212,6398
20521312,5796
20522812,3006
20523912,5717
20637712,5988
20639312,5038
20640412,5351
20641912,4436
20643012,4304
20644112,5302
20645212,5003
20646312,6141
20647912,7333
20649012,8678
20650112,4897
20651212,5227
20652712,6299
20653812,5745
20654912,8990
20656012,8721
20657512,8908
20658612,8648
20659712,4313
20660812,6939
20662312,3444
20663412,4951
20664512,5723
20665612,4810
20667112,5599
20668212,4499
20669312,5554
20670412,5868
20671912,5826
20673012,6722
20674112,6622
20675212,7339
20676312,6997
20677912,7262
20679012,7046
20680112,5979
20681212,6712
20682712,6497
20683812,5602
20684912,5612
20686012,4155
20687512,5435
20688612,5054
20689712,5906
20690812,6168
20692312,6833
20693412,6410
20694512,4179
20695612,7145
20697112,6836
20698212,6891
20699312,8287
20700412,5899
20701912,8064
20703012,4280
20704112,3744
20705212,6128
20706312,4490
20707812,7156
20708912,5243
20710012,5835
20711112,5531
20712612,3890
20713712,7381
20803610,6467
20879610,6457
20891910,6164
20893410,6682
20894510,6688
20895610,9131
20897112,7495
20898212,8424
20899312,5752
20900412,3815
20901912,3636
20903012,2766
20904112,6226
20905212,4934
20906312,7761
20907812,8072
20908912,7887
20910012,5369
20911112,7129
20912612,6408
20913712,7085
20914812,7928
20915912,6988
20917412,6608
20918512,5757
20919612,3029
20920712,4332
20922212,4686
20923312,5446
20924412,6122
20925512,6852
20927112,5573
20928212,6315
20929312,5858
20930412,4698
20931912,5243
20933012,6760
20934112,6945
20935212,7013
20936312,7249
20937812,6926
20938912,6562
20940012,5480
20941112,6070
20942612,6392
20943712,5256
20944812,6326
20945912,6389
20947412,3910
20948512,4120
20949612,3869
20950712,2913
20952212,5661
20953312,7348
20954412,8739
20955512,9872
20957012,9244
20958112,9079
20959212,5599
20960312,5524
20961412,5462
20962912,4684
20964012,4324
20965112,4818
21055010,5740
21056619,6604
21058221,6619
21059412,3801
21060512,4154
21062012,4170
21063112,3754
21064212,5964
21065312,9136
21066412,7019
21138910,5288
21140410,3034
21142012,3857
21143112,4813
21144212,6292
21145312,6941
21146412,5973
21147912,6728
21149012,8102
21150112,6127
21151212,7154
21152712,7236
21153812,6897
21154912,6531
21156012,6337
21157512,6374
21158612,6074
21159712,5440
21160812,6583
21162312,3241
21163412,4361
21164512,5376
21165612,5928
21167112,5957
21168212,7292
21169312,6271
21170412,5520
21171912,7504
21173012,4400
21174112,8431
21175212,6895
21176312,8069
21177812,7655
21178912,6234
21180012,6049
21181112,5317
21182712,5225
21183812,3992
21184912,7950
21186012,5552
21187512,4988
21188612,7454
21189712,5034
21190812,6817
21192312,5207
21193412,7257
21194512,5448
21195612,8920
21197112,6186
21198212,7619
21199312,5252
21200412,6046
21201912,6958
21203012,3494
21292811,4454
21294411,6059
21295611,6497
21297111,7793
21298211,7130
21299311,6533
21300411,6721
21301911,5890
21303011,5659
21304111,5467
21305211,5346
21306311,5873
21307811,6086
21308911,5851
21310011,5881
21311111,5580
21312711,6278
21313811,6833
21314911,6810
21316011,7026
21388012,6989
21401212,6351
21402712,5592
21403812,6349
21404912,6058
21406012,7116
21407612,6417
21408712,5260
21409812,4541
21410912,5429
21412412,5090
21413512,6025
21414612,7190
21415712,6543
21417212,8230
21418312,5988
21419412,7307
21420512,6139
21422012,4782
21423112,6329
21424212,5748
21425312,5921
21426412,5708
21427912,5238
21429012,4677
21430112,5161
21431212,6488
21432712,5853
21433812,7984
21434912,8220
21436012,7473
21437512,6684
21438612,6036
21439712,4792
21440812,4392
21442312,4753
21443412,5600
21444512,5529
21445612,5441
21447212,6962
21448312,7945
21449412,6308
21450512,6708
21452012,7140
21541911,6359
21543511,4911
21544711,4907
21546011,5335
21547511,4736
21548611,3276
21549711,5080
21550811,4813
21552311,6274
21553411,9022
21554511,7406
21555611,8303
21557111,8476
21558211,6322
21559311,6144
21560411,5051
21561911,3983
21563011,4968
21564111,3930
21565211,5401
21566311,5329
21567811,7006
21568911,6696
21570011,6655
21571111,6859
21572711,6950
21573811,6794
21574911,6162
21576011,6404
21672310,4401
21673912,6312
21675012,5485
21676212,5929
21677712,6968
21678812,7870
21679912,7038
21681012,6857
21682512,6128
21683612,6703
21684712,5896
21685812,6106
21687312,5214
21688412,4786
21689512,4975
21690612,5854
21692112,5310
21693212,5616
21694312,7235
21695412,7842
21696912,6787
21698012,6200
21699112,6538
21700212,5721
21701312,5666
21702812,6289
21703912,5782
21705012,6516
21706112,6785
21707612,6176
21708712,6597
21709812,6717
21710912,7056
21712512,5556
21713612,4960
21803212,4507
21804712,4495
21805812,5742
21807312,5151
21808412,5839
21809512,6692
21810612,6205
21812112,6201
21813212,6598
21814312,8104
21815412,7896
21816912,7784
21818012,5566
21819112,5369
21820212,5234
21821312,4910
21822812,5156
21823912,5360
21825012,4189
21826112,6059
21836012,7339
21837512,6087
21838612,6262
21839712,4992
21840812,5335
21842312,5178
21843412,7507
21844512,7445
21845612,7219
21847112,6548
21848212,5721
21849312,5813
21850412,5927
21851912,5764
21853012,5867
21854112,5537
21855212,8365
21856312,7827
21928211,5795
21929711,7469
21930911,8193
21932411,8474
21933511,6971
21934611,6413
21935711,5755
21937311,4651
21938411,4718
21939511,5696
21940611,6334
21942111,7440
21943211,8182
21944311,7118
21945411,8067
21946911,5261
21948011,4375
21949111,3770
21950211,5092
21951311,4404
21952811,5517
21953911,5940
21955011,8297
21956111,6717
21957611,7122
21958711,8459
22048810,5773
22050410,8890
22052012,8205
22053212,6953
22054312,7867
22055412,6016
22056912,4073
22058012,4995
22059112,5169
22060212,5083
22061312,4352
22062812,5431
22063912,8391
22065012,7599
22066112,9573
22067612,8367
22068712,6765
22069812,6055
22070912,5035
22072412,5459
22073512,2465
22074612,6339
22075712,5942
22077312,5818
22078412,6294
22079512,5480
22080612,7389
22082112,8107
22083212,7654
22084312,7705
22085412,7569
22086912,6270
22088012,5805
22089112,3492
22090212,5576
22091312,4140
22092812,5063
22093912,6773
22095012,6276
22096112,6386
22097612,5080
22098712,7494
22099812,5664
22100912,7089
22102412,5536
22103512,5996
22104612,5594
22105712,5267
22177911,4838
22179511,5329
22180711,3182
22182211,3973
22183311,5716
22184411,8640
22185511,7320
22187111,9128
22188211,7810
22189311,8722
22190411,6285
22191911,5763
22193011,5724
22194111,5958
22195211,5846
22196311,3149
22286212,6833
22287812,6016
22289012,5369
22290112,6000
22291212,6089
22292812,8269
22293912,7517
22295012,7034
22296112,6508
22297612,4111
22298712,6171
22299812,5727
22300912,5502
22302412,5391
22303512,4874
22304612,3888
22305712,4588
22307212,4291
22308312,7713
22309412,7985
22310512,9618
22312012,8930
22313112,8228
22314212,7739
22315312,5525
22316412,4020
22317912,4934
22319012,3356
22320112,5781
22321212,5821
22322812,6257
22323912,6117
22325012,6191
22326112,6225
22339512,7091
22341012,4836
22342512,3254
22343712,3271
22344812,3928
22345912,4019
22347412,7196
22348512,6953
22349612,8492
22350712,7301
22352212,8736
22353312,6549
22354412,6815
22355512,4665
22357112,5565
22358212,4380
22359312,6014
22360412,6018
22432212,9369
22433712,6442
22434812,6604
22435912,6257
22437412,5566
22438512,2412
22439612,3030
22440712,3568
22442212,6279
22443312,6383
22444412,6329
22445512,9208
22534412,4359
22535912,4063
22537512,4018
22538712,6359
22539812,7133
22540912,5753
22542412,7525
22543512,6811
22544612,7306
22545712,6162
22547212,7859
22548312,5084
22549412,7562
22550512,5257
22552112,7450
22553212,4883
22554312,6490
22555412,6000
22556912,8216
22558012,5984
22559112,6564
22560212,9079
22561312,6398
22562812,6017
22563912,5403
22565012,6425
22566112,4391
22567612,5296
22568712,6451
22569812,7644
22570912,6185
22572412,7277
22573512,6262
22574612,6454
22575712,6093
22577212,7303
22578312,7344
22579412,5163
22580512,4143
22582012,5059
22583112,5915
22584212,5078
22585312,6391
22586412,8014
22587912,7231
22589012,5598
22590112,6053
22591212,5172
22592812,5688
22593912,5826
22595012,5848
22596112,6736
22597612,6479
22598712,6691
22599812,7596
22600912,6064
22602412,4267
22603512,3560
22604612,2902
22605712,2194
22701810,6071
22703310,7328
22704510,7391
22705610,7637
22798110,1910
22799712,6348
22800912,6447
22802412,7433
22803512,5773
22804612,9095
22805712,4894
22807312,7962
22808412,6613
22809512,9845
22810612,8178
22812112,5827
22813212,4759
22814312,2501
22815412,5733
22816912,4948
22818012,7288
22819112,7630
22820212,9811
22821312,5011
22822812,7094
22823912,3258
22825012,4802
22826112,4563
22854010,7008
22855510,5049
22857012,6365
22858212,7058
22859312,6704
22860412,7568
22861912,8888
22863012,6020
22864112,3328
22865212,4660
22866312,2950
22867812,3242
22868912,4943
22870012,6786
22871112,7338
22872712,5909
22873812,7100
22874912,6746
22876012,6477
22877512,7979
22878612,7454
22879712,5778
22880812,7980
22882312,7591
22883412,5474
22884512,3899
22885612,1838
22887112,3010
22888212,4725
22889312,5934
22890412,7945
22891912,6377
22893012,7603
22894112,7231
22895212,4859
22896312,5539
22897812,5708
22898912,6169
22900012,5235
22901112,6135
23068210,6240
23069912,6268
23071012,6426
23072512,5029
23073612,5716
23074712,4801
23075812,7211
23077312,6450
23078412,5880
23079512,7671
23080612,7825
23082112,7104
23083212,5537
23084312,6455
23085412,4174
23086912,3939
23088012,4716
23089112,5794
23090212,5743
23091312,7765
23092912,7544
23094012,8424
23095112,6488
23096212,7434
23097712,5422
23098812,4994
23099912,4883
23101012,3809
23102512,4979
23103612,4448
23104712,6129
23105812,6247
23107312,7240
23108412,5328
23109512,6301
23110612,7887
23112112,8982
23113212,7638
23114312,7410
23115412,6881
23116912,5996
23118012,7194
23119112,6595
23120212,5383
23121312,4480
23122812,4675
23123912,5150
23125012,4600
23126112,5508
23127612,7462
23128712,8284
23129812,7678
23130912,7117
23132512,5887
23133612,5736
23134712,7624
23135812,6117
23137312,6017
23138412,7039
23139512,7249
23140612,6808
23142112,6074
23143212,4719
23144312,5253
23234010,5926
23235510,6675
23237012,6466
23238212,5472
23239312,4361
23240412,5122
23241912,6567
23243012,5576
23244112,4931
23245212,4714
23246312,6568
23318410,3519
23319910,6507
23321110,5158
23322610,7229
23323710,6121
23324810,7312
23325910,6208
23360412,4538
23361912,6764
23363012,6961
23364112,4523
23365212,5795
23366312,6503
23367812,7086
23368912,6061
23370012,6251
23371112,4862
23372712,5771
23373812,6507
23374912,6332
23376012,5119
23377512,6361
23378612,6763
23379712,7463
23380812,8310
23382312,8297
23383412,7585
23384512,5967
23385612,5414
23387112,4598
23388212,4233
23389312,5291
23390412,6027
23391912,6609
23393012,7234
23394112,6396
23395212,5306
23396312,5539
23397812,5262
23398912,5994
23400012,5694
23401112,7354
23402612,8206
23403712,8619
23404812,6676
23405912,7249
23407412,6309
23408512,6608
23409612,5328
23410712,5627
23412312,5349
23413412,5831
23414512,5424
23504112,6319
23505612,5736
23507112,6288
23508312,6203
23509412,6921
23510512,6785
23512012,7124
23513112,7504
23514212,6028
23515312,6453
23516412,6061
23518012,4505
23519112,5096
23520212,5969
23521312,6139
23522812,6574
23523912,5667
23525012,4635
23526112,6013
23598710,6172
23600311,7944
23601511,7508
23603011,8566
23604111,5670
23605211,7875
23606311,3887
23607811,5688
23608911,6398
23610011,4794
23611111,5489
23612711,5971
23613811,5920
23614911,5462
23616011,6923
23617511,5328
23618611,8393
23619711,7552
23620811,7563
23622311,6424
23623411,6096
23624511,4540
23625611,6482
23627111,5196
23628211,4612
23629311,6105
23630411,6522
23631911,6845
23633011,6928
23634111,5502
23635211,5833
23636311,6343
23637811,7207
23638911,7090
23640011,5892
23641111,6731
23642611,5523
23643711,6836
23644811,4560
23645911,6457
23647411,5284
23648511,6023
23649611,6787
23650711,6287
23652311,7458
23766110,6268
23767712,5878
23768812,7787
23769912,6473
23771112,6304
23772612,7407
23773712,6412
23774812,5414
23775912,5190
23777512,5584
23778612,6265
23779712,7367
23780812,7756
23782312,6741
23783412,7378
23784512,6053
23785612,5492
23787112,5858
23788212,5874
23789312,5692
23790412,4642
23791912,5517
23793012,5394
23794112,3678
23795212,5563
23796312,6131
23797812,6844
23798912,7318
23800012,6978
23801112,6464
23874010,5210
23891112,7025
23892612,6532
23893712,6009
23894912,5662
23896012,5927
23897612,5553
23898712,5229
23899812,5559
23900912,5436
23902412,5974
23903512,4873
23904612,5811
23905712,5494
23907212,6809
23908312,6816
23909412,7037
23910512,7643
23912012,8036
23913112,6897
23914212,5735
23915312,5472
23916412,6109
23917912,6091
23919012,4881
23920112,5322
23921212,5350
23922712,5434
23923812,5243
23924912,5068
23926012,6403
23927612,8659
23928712,8214
23929812,8648
24019412,6251
24020912,5877
24022412,5556
24023612,5173
24024712,5672
24025812,4694
24027312,5979
24028412,6576
24029512,6127
24030612,5669
24032212,7287
24033312,6088
24034412,5786
24035512,5263
24037012,6842
24038112,7238
24039212,7275
24040312,6807
24041412,7475
24042912,6466
24044012,6190
24045112,4548
24046212,6726
24047712,5897
24048812,5396
24049912,5092
24051012,6657
24052512,6716
24053612,6318
24054712,5950
24055812,7161
24057312,7591
24058412,4743
24059512,4894
24060612,7490
24062112,7076
24063212,4579
24064312,3209
24065412,5175
24137411,7406
24139011,8098
24140211,6877
24141311,6706
24142811,4656
24143911,8260
24145011,5793
24146111,6868
24147611,7276
24148711,6723
24149811,6459
24150911,7894
24152411,6027
24153511,6914
24154611,6715
24155711,5414
24157211,5520
24158311,7117
24159411,6077
24160511,7595
24162111,5717
24163211,6648
24164311,4808
24165411,5113
24166911,5886
24256810,5302
24258310,6173
24259410,6276
24260510,7880
24262012,8333
24263112,6370
24264212,7324
24265312,6535
24266412,6964
24267912,6011
24269012,7220
24270112,7788
24271212,7712
24272712,4464
24273812,5722
24274912,3118
24276012,4753
24277512,6511
24278612,6341
24279712,6213
24280812,5001
24282312,6185
24283412,6783
24284512,6331
24285612,6000
24287112,6098
24288212,4969
24289312,5850
24290412,5633
24292012,5728
24293112,4660
24294212,5561
24295312,6059
24296412,5755
24297912,6472
24299012,7313
24300112,8796
24301212,8222
24302712,7098
24303812,6774
24304912,5091
24306012,6712
24307512,5997
24308612,5463
24309712,5462
24310812,6019
24312312,6113
24313412,6465
24314512,5883
24315612,5390
24387910,7620
24401310,6859
24402815,4431
24403910,5279
24405010,6324
24406110,7988
24407612,5961
24408712,7458
24409812,8728
24410912,9041
24412412,4601
24413512,7124
24414612,6638
24415712,9293
24505612,3565
24507212,4371
24508412,5370
24509512,7501
24510612,9312
24512212,5976
24513312,8311
24514412,5458
24515512,7024
24517012,5344
24518112,5850
24519212,5206
24520312,8137
24521412,7135
24522912,5605
24524012,3739
24525112,4307
24526212,3277
24527712,6263
24528812,7261
24529912,9091
24531012,9080
24532512,7945
24533612,7798
24534712,7387
24535812,7750
24537312,5985
24538412,4824
24539512,7133
24540612,6481
24542212,4761
24543312,4216
24544412,4774
24545512,4476
24547012,5143
24548112,6198
24549212,6836
24550312,7943
24551412,7700
24552912,6921
24554012,6991
24555112,5736
24556212,6364
24557712,6617
24558812,6592
24559912,6432
24561012,6505
24562512,5240
24563612,4361
24564712,4790
24565812,4985
24567312,5631
24568412,7436
24569512,6773
24570612,7439
24572112,6257
24573212,6950
24574312,6489
24575412,7390
24647910,6039
24649510,8162
24650710,7916
24652212,6764
24653312,6691
24767010,6113
24768610,7702
24769710,6182
24770810,6906
24772412,6131
24773512,5313
24774612,4292
24775712,6753
24777212,6728
24778312,6841
24779412,7648
24780512,7371
24782012,5676
24783112,5289
24784212,4952
24785312,5743
24786412,7039
24787912,6005
24789012,6638
24790112,6541
24791212,6037
24792712,5399
24793812,5499
24794912,3364
24796012,5583
24797512,7589
24798612,6950
24799712,6455
24800812,7611
24802312,5911
24803412,7006
24804512,5209
24805612,4550
24807112,6224
24808212,6252
24809312,7831
24810412,8460
24812012,5493
24813112,6895
24814212,7604
24815312,6599
24816412,7412
24817912,5813
24819012,6853
24820112,6790
24821212,6093
24822712,4341
24823812,3525
24824912,6082
24826012,6974
24836011,6367
24837511,5918
24838711,9903
24839811,3681
24840911,7388
24842411,6695
24843511,9612
24844611,5894
24845711,4927
24847311,8345
24848411,7455
24849511,6617
24850611,4409
24852111,3129
24941812,5884
25017010,7732
25018510,5845
25019610,5245
25020710,7477
25022212,4210
25023312,8098
25024412,4848
25025512,6829
25027012,7537
25028112,8024
25029212,4991
25030312,6501
25031412,3812
25032912,5803
25034012,6204
25035112,6490
25036212,6826
25037712,6757
25038812,7049
25039912,6921
25041012,7122
25042512,5304
25043612,6711
25044712,5696
25045812,5770
25047312,6087
25048412,7701
25049512,6447
25050612,5828
25052212,4059
25053312,5355
25054412,6427
25055512,7442
25057012,6793
25058112,5669
25059212,6274
25060312,7620
25061412,7197
25062912,6814
25064012,6939
25065112,4819
25066212,5899
25067712,5965
25068812,6746
25069912,6303
25071012,5374
25072512,6036
25073612,6943
25074712,5399
25075812,5529
25077312,6294
25078412,6725
25079512,6572
25080612,5447
25082112,7757
25083212,6189
25084312,6319
25085412,6253
25086912,7942
25088012,6716
25089112,5761
25090212,5281
25091312,4646
25181612,4229
25183212,4895
25184412,5581
25185512,6892
25187012,7104
25188112,7168
25189212,7194
25190312,5553
25191412,6488
25193012,5386
25194112,6355
25195212,5918
25196312,5111
25268110,7368
25269710,7196
25270910,3821
25272411,6115
25273511,4475
25274611,6516
25275711,5431
25277211,6286
25278311,7907
25279411,7451
25280511,5950
25282011,4414
25283111,8003
25284211,4384
25285311,7238
25286411,5833
25288011,8729
25289111,3956
25290211,7855
25291311,4377
25292811,7077
25293911,5053
25295011,9059
25296111,5731
25297611,6268
25298711,5334
25299811,6122
25300911,5378
25302411,4911
25303511,6497
25304611,5066
25305711,6392
25307211,5822
25308311,6007
25309411,5824
25310511,7444
25312011,4891
25313111,8403
25314211,5160
25315311,8181
25316411,5350
25317911,7629
25319011,5869
25320111,7399
25321211,4516
25322711,9264
25323811,5262
25324911,6265
25326011,4973
25335912,4973
25337412,6617
25428012,5327
25429612,5080
25430712,3610
25432212,5814
25433312,4670
25434412,6169
25435512,3543
25437012,5557
25438112,6486
25439212,8012
25440312,5289
25441412,7522
25442912,6170
25444012,6820
25445112,7195
25446212,7407
25447812,4780
25448912,5256
25450012,5989
25451112,4506
25523311,8987
25524911,6598
25526111,6411
25527611,9027
25528711,4962
25529811,6421
25530911,7598
25532411,5087
25533511,5350
25534611,8894
25535711,7248
25537211,8695
25538311,6844
25539411,6361
25540511,4782
25542011,7592
25543111,3669
25544211,5944
25545311,6324
25546411,5220
25548011,5935
25549111,7676
25550211,3322
25551311,8347
25552811,4813
25553911,6984
25555011,6084
25556111,7960
25557611,6504
25558711,8241
25559811,6269
25560911,5865
25562411,6422
25563511,5621
25564611,5074
25565711,6619
25567211,5065
25568311,4807
25569411,6582
25570511,5544
25572011,7054
25573111,4698
25574211,6076
25575311,6270
25664910,7384
25666410,4941
25667912,5983
25669112,6436
25670212,6627
25671312,7007
25672812,5912
25673912,4886
25675012,4836
25676112,6901
25677712,7899
25678812,6478
25679912,5878
25681012,4416
25682512,4698
25683612,5581
25684712,5505
25685812,6139
25687312,6215
25688412,6448
25689512,7216
25690612,7244
25692112,5937
25693212,6007
25694312,5580
25695412,6710
25696912,7355
25698012,6811
25699112,6216
25700212,4874
25701312,5512
25797512,5887
25799112,5059
25800212,8555
25801312,2773
25802812,7373
25803912,6266
25805012,6996
25806112,7086
25807612,5097
25808712,8123
25809812,3020
25810912,6728
25812412,5159
25813512,7193
25814612,6807
25815712,6127
25817212,7982
25818312,7274
25819412,7781
25820512,5227
25822012,7022
25823112,6148
25824212,6020
25825312,2630
25826412,7788
25850711,5748
25852211,7273
25853311,3759
25854411,8822
25855611,6054
25857211,9333
25858311,5739
25859411,5503
25949010,6315
25950610,6358
25952112,5541
25953212,6372
25954312,5069
25955412,6630
25956912,5743
25958012,6105
25959112,6106
25960212,5217
25961312,6345
25962812,5815
25963912,6031
25965012,7556
25966112,7051
25967712,7373
25968812,6168
25969912,6620
25971012,5612
25972512,5690
25973612,6143
25974712,5303
25975812,6280
25977312,7026
25978412,5381
25979512,3551
25980612,5612
25982112,4136
25983212,6682
25984312,6335
25985412,6944
25986912,6909
25988012,6603
25989112,4566
25990212,6331
25991312,5440
25992812,7155
25993912,5952
25995012,7736
25996112,5720
26068811,6058
26070411,6307
26071911,5493
26073011,6768
26074111,5514
26075211,7565
26076311,5726
26077811,7272
26078911,6336
26080011,6757
26081111,5843
26082611,5713
26083711,5922
26084811,4832
26085911,6686
26087411,5531
26088511,7902
26089611,5737
26090711,7129
26092211,5626
26093311,5742
26094411,6270
26095511,5856
26097011,6845
26187010,5813
26188610,7195
26189879,5855
26191010,7079
26192510,5493
26193610,7910
26194710,5725
26195810,6536
26197310,4380
26198410,6507
26199510,8552
26200610,7300
26202112,4386
26203212,6896
26204312,8129
26205412,5567
26206912,5311
26208012,5085
26209112,7215
26210212,4439
26211312,7105
26212812,4024
26213912,8063
26215012,4847
26216112,8140
26217712,6853
26218812,7355
26219912,5804
26221012,7879
26222512,5512
26223612,8842
26224712,4217
26225812,7723
26227312,4072
26228412,5778
26229512,4005
26230612,4748
26232112,4691
26233212,6785
26234312,6835
26235412,5543
26236912,6938
26238012,5595
26239112,7796
26240212,5251
26241312,6283
26242812,4094
26243912,9085
26245012,6601
26246112,7123
26319312,5481
26320912,5076
26322412,6081
26323512,6882
26324612,7805
26325712,6922
26346411,5879
26347911,5216
26349011,5705
26350211,6372
26351311,5858
26352911,7010
26354011,6887
26355111,7082
26444810,5711
26446310,6282
26447812,4562
26449012,5522
26450112,7308
26451212,5514
26452712,8112
26453812,4565
26454912,7051
26456012,8045
26457612,5850
26458712,6218
26459812,4250
26460912,5006
26462412,3402
26463512,4630
26464612,7452
26465712,6968
26467212,8496
26468312,5867
26469412,7084
26470512,5326
26472012,3682
26473112,6390
26474212,4088
26475312,6857
26476412,8739
26477912,8188
26479012,8355
26480112,5865
26481212,6024
26482712,6324
26483812,5587
26484912,5755
26486012,5928
26487612,6633
26488712,5978
26489812,5630
26490912,5677
26492412,5274
26493512,5448
26494612,5582
26495712,6166
26497212,5822
26498312,4814
26499412,6314
26500512,6730
26502012,8091
26503112,6579
26504212,5368
26505312,6986
26506412,6853
26507912,5497
26509012,6991
26510112,6256
26511212,5876
26583510,5052
26585010,5653
26586110,5867
26587612,5970
26588712,5583
26589812,5583
26590912,7499
26592412,6624
26682012,6999
26683512,7631
26684612,6728
26685812,5914
26687312,5232
26688412,5064
26689512,6727
26690612,5277
26692212,6076
26693312,6275
26694412,6930
26695512,6120
26697012,6984
26698112,6485
26699212,6191
26700312,6982
26701412,6370
26702912,6944
26704012,5557
26705112,6165
26706212,6187
26707712,4588
26708812,5267
26709912,4258
26711012,6462
26712512,5884
26713612,8231
26714712,5950
26715812,6305
26717312,4674
26718412,6259
26719512,6139
26720612,5697
26722212,5745
26723312,5114
26724412,8012
26725512,6077
26727012,8167
26728112,4779
26729212,7115
26730312,5265
26731412,5271
26732912,4843
26734012,5065
26735112,5105
26736212,4717
26737712,5902
26738812,4784
26739912,7880
26741012,6588
26742512,7630
26743612,6119
26744712,6763
26745812,7622
26747312,6068
26748412,7394
26749512,4478
26750612,6626
26752112,5872
26753212,6377
26754312,5428
26755412,6842
26756912,5420
26758012,5992
26871911,6766
26961610,4955
26963369,6957
26964510,6087
26965610,5867
26967110,5736
26968210,5070
26969310,7345
26970410,5738
26971910,7270
26973010,5300
26974110,6313
26975210,5555
26976310,5480
26977811,5144
26978911,5760
26980011,6374
26981111,6290
26982611,6102
26983711,6990
26984811,7098
26985911,5691
26987411,4979
26988511,6086
26989611,6878
26990711,6782
26992311,5003
26993411,6920
26994511,5620
26995611,6263
26997111,5406
26998211,6249
26999311,6893
27000411,5946
27001911,7298
27003011,6070
27004111,6619
27005211,6542
27006311,6014
27007811,6878
27008911,6786
27010011,6257
27011111,6334
27012611,6330
27013711,5026
27014811,7552
27015911,6228
27017411,5593
27018511,6695
27019611,5418
27020711,5393
27022211,6317
27023311,6842
27024411,7236
27025511,6488
27027011,5584
27028111,5933
27029211,5567
27030311,4961
27031411,6923
27033011,6059
27034111,5810
27035211,5944
27036311,4925
27126479,5397
27128010,6578
27129210,5844
27130310,5744
27131410,6925
27132910,6465
27134010,7331
27135110,6950
27136210,5951
27137812,5502
27138912,5271
27140012,5947
27141112,5320
27213011,6728
27214611,5561
27215811,5097
27217311,5452
27218411,5703
27219511,5713
27220611,4016
27222111,6111
27223211,5445
27224311,6922
27225411,6641
27227011,6636
27228111,6014
27229211,7511
27230311,6255
27231411,6624
27232911,6980
27234011,5422
27235111,6088
27236211,5062
27237711,5542
27238811,5069
27239911,4793
27241011,5703
27242511,6453
27243611,5196
27244711,5705
27245811,6460
27247311,6730
27248411,6635
27249511,7869
27250611,6255
27252111,7951
27253211,6692
27254311,6913
27255411,7381
27256911,4912
27258011,6872
27259111,5300
27260211,5194
27261311,5995
27262811,5751
27263911,5290
27265011,5891
27266111,6180
27267711,5476
27268811,6961
27269911,6426
27271011,7318
27272511,6746
27273611,7579
27363312,6728
27375611,7033
27377111,7945
27378211,6980
27379311,8584
27380411,6774
27382011,9314
27383111,7864
27384211,7469
27385311,6019
27386411,4279
27387911,4875
27389011,4232
27390111,5513
27391211,7357
27392711,5473
27393811,8294
27394911,8149
27396011,5590
27397511,7387
27398611,6868
27399711,7091
27400811,7358
27473712,6115
27475312,5391
27476512,5035
27478012,4144
27479112,4851
27480212,4695
27481312,5927
27482812,5231
27483912,5740
27485012,6814
27486112,6186
27487612,6385
27488712,7812
27489812,7190
27490912,6351
27492512,8939
27493612,6337
27494712,7824
27495812,7057
27497312,4599
27498412,6550
27499512,5523
27500612,5253
27502112,6771
27503212,5359
27504312,7550
27505412,8264
27506912,7519
27508012,6492
27509112,7864
27510212,6057
27511312,7935
27512812,8025
27513912,7435
27515012,6895
27516112,5259
27517612,4199
27518712,6533
27519812,5448
27520912,5942
27522412,6084
27612010,6310
27613612,7190
27614712,6481
27615812,4263
27617312,4374
27618412,8233
27619512,4233
27620612,7125
27622112,8545
27623212,5868
27624312,5393
27625412,8148
27626912,3776
27628012,8147
27629112,4983
27630212,7471
27631312,6749
27632812,5572
27633912,6195
27635012,6182
27636112,4738
27637612,5561
27638712,7360
27639812,7250
27640912,7107
27642412,5488
27643512,7896
27644612,4391
27645712,7864
27647212,4824
27648312,6893
27649412,7387
27650512,4495
27722910,7110
27724512,5343
27725612,5653
27727112,6898
27728212,5811
27729312,6333
27730412,7957
27731912,6448
27733012,5555
27734112,5589
27735212,6477
27736312,5411
27737812,4830
27738912,7294
27740012,5333
27741112,5947
27742612,4380
27743712,7947
27744812,5779
27745912,5350
27747412,6825
27748512,7071
27749612,5921
27750712,6069
27752312,7973
27753412,7585
27754512,6300
27755612,6122
27757112,5435
27758212,7632
27759312,3352
27873210,6745
27901110,8172
27902610,5564
27903710,7818
27904810,3771
27905910,8524
27907412,2391
27908512,7404
27909612,5773
27910712,6003
27912212,5388
27913312,9247
27914412,4774
27915512,5335
27917012,7025
27918112,4391
27919212,5523
27920312,5802
27921412,5948
27922912,5929
27924012,7283
27925112,4832
27926212,6815
27927712,5445
27928812,6898
27929912,6763
27931012,6594
27932512,6723
27933612,6467
27934712,6605
27935812,4438
27937412,4656
27938512,4944
27939612,5916
27940712,5711
27942212,6994
27943312,7109
27944412,7504
27945512,7357
27947012,7601
27948112,7056
27949212,7392
27950312,7448
27951412,7796
28023412,7582
28024912,3682
28026012,3882
28027512,8257
28028612,4908
28029712,5933
28030812,4487
28032312,8602
28033412,6767
28034512,8585
28035612,5870
28037112,8754
28038212,4038
28039312,6414
28040412,6137
28041912,7259
28043012,4485
28044112,6914
28045212,4686
28046312,6710
28136212,5656
28137812,5565
28139012,6711
28140112,6977
28141212,7509
28142712,6974
28143812,6964
28144912,5458
28146012,6486
28147612,6056
28148712,6619
28149812,5653
28150912,5984
28152412,6141
28153512,5201
28154612,4960
28155712,6133
28157212,5738
28158312,5582
28159412,5462
28160512,7199
28162012,5989
28163112,7535
28164212,6994
28165312,7144
28166412,5975
28167912,6881
28169012,4922
28170112,6608
28171212,5248
28172712,6017
28173812,5450
28174912,5635
28176012,4572
28177612,4977
28178712,5111
28179812,6268
28180912,5725
28182412,7047
28183512,6883
28184612,6136
28185712,6234
28187212,7429
28188312,7370
28189412,7330
28190512,5944
28192012,6323
28193112,4657
28194212,6262
28195312,4715
28196412,6114
28197912,6370
28199012,6468
28200112,5812
28201212,7073
28274210,6081
28275710,6214
28277212,6749
28278310,7081
28279410,6363
28280510,8490
28282011,5200
28283111,6958
28284211,6240
28373810,5030
28404712,6447
28406212,6606
28407712,7714
28408912,5575
28410012,6211
28411112,5119
28412612,4663
28413712,5753
28414812,5897
28415912,5236
28417412,7074
28418512,5759
28419612,6646
28420712,7543
28422312,6530
28423412,6846
28424512,7263
28425612,6863
28427112,6897
28428212,6101
28429312,4826
28430412,5437
28431912,4658
28433012,5757
28434112,3649
28435212,5779
28436312,4126
28437812,5161
28438912,6682
28440012,7130
28441112,8077
28442612,7971
28443712,5002
28444812,8306
28445912,6977
28447412,6821
28448512,8509
28449612,7553
28450712,6214
28452212,6125
28453312,4987
28454412,4425
28455512,4174
28457012,3963
28458112,3473
28459212,6200
28460312,5608
28461412,5702
28463012,6179
28464112,5670
28465212,6025
28466312,7391
28467812,6927
28468912,7585
28470012,7380
28471112,7390
28472612,6938
28473712,5601
28474812,5596
28475912,6425
28548111,6556
28549711,8602
28550911,7783
28640813,7912
28642312,7715
28643412,5930
28644612,4369
28645712,5300
28647212,4530
28648312,4038
28649412,4633
28650512,5896
28652112,7140
28653212,6979
28654312,7370
28655412,7581
28656912,6404
28658012,5319
28659112,5397
28660212,5213
28661312,6041
28662812,6120
28663912,6460
28665012,6314
28666112,7155
28667612,5813
28668712,5044
28669812,6180
28670912,6581
28672412,5315
28673512,5486
28674612,5189
28675712,6325
28677212,7632
28678312,6480
28679412,8918
28680512,6890
28682112,6875
28683212,6703
28684312,5920
28685412,5341
28686912,6370
28688012,8208
28689112,6769
28690212,6073
28691312,9475
28692812,5860
28693912,4521
28695012,4608
28696112,2670
28697612,3624
28698712,3203
28699812,5252
28700912,6398
28702412,7431
28703512,6434
28704612,7484
28705712,5555
28707212,4922
28708312,5946
28709412,5914
28710512,5679
28712012,4485
28713112,5800
28714212,5874
28715312,6119
28716412,6067
28806412,5900
28807912,7510
28809112,6712
28810212,7112
28811312,5112
28907711,8418
28922312,6741
28923821,6692
28925012,6348
28926212,6611
28927812,5657
28928912,5736
28930012,5782
28931112,6255
28932612,5803
28933712,7747
28934812,7030
28935912,6869
28937412,6029
28938512,5441
28939612,5607
28940712,4950
28942212,4873
28943312,4605
28944412,6740
28945512,5159
28947012,6330
28948112,7930
28949212,7539
28950312,6359
28951412,7554
28952912,5611
28954012,5814
28955112,5461
28956212,6411
28957712,5240
28958812,6675
28959912,8062
28961012,5281
28962512,6248
28963612,3216
28964712,6425
28965812,3336
28967412,5883
28968512,6496
28969612,5405
28970712,6708
28972212,7367
28973312,8123
28974412,6770
28975512,6413
28977012,7274
28978112,3763
28979212,6161
28980312,3678
28981412,4953
28982912,5769
28984012,5662
28985112,6206
28986212,6531
28987712,7556
28988812,6366
28989912,7542
28991012,6606
29080010,7909
29081611,4280
29083111,5299
29084211,3986
29085311,7370
29086411,5305
29087911,7057
29089011,6045
29090111,7499
29091211,4606
29162512,5463
29164178,2450
29165312,7094
29166412,6780
29167912,6583
29169012,4935
29170112,7722
29171212,6265
29172712,5879
29173812,6746
29174912,6393
29176012,7531
29177512,5609
29178612,9484
29179712,4428
29180812,6133
29182312,5089
29183412,7025
29184512,6337
29185612,3797
29187112,6711
29188212,8613
29189312,7592
29190412,5118
29192012,7392
29193112,5361
29194212,5012
29195312,5401
29196412,7491
29197912,2794
29199012,8703
29200112,6176
29201212,4990
29202712,5213
29203812,6291
29204912,3977
29206012,7814
29207512,6146
29208612,6712
29209712,6727
29210812,6762
29212312,6407
29213412,5671
29214512,5222
29215612,3792
29217112,4528
29218212,7339
29219312,5951
29220412,3868
29221912,5921
29223012,7411
29224112,4274
29225212,4458
29226312,5926
29316212,7445
29317812,4523
29319012,8241
29320112,4974
29321212,7268
29322712,5899
29323812,6246
29324912,7310
29326012,5341
29343012,4931
29344512,5013
29345612,6836
29347112,6940
29348212,7649
29349312,5501
29350412,7473
29422912,6429
29424512,4996
29425618,7632
29427112,7731
29428212,6040
29429312,7109
29430412,6739
29431912,6377
29433012,5270
29434112,4926
29435212,5425
29436312,6944
29437812,8456
29438912,6790
29440012,3827
29441112,6754
29442612,5440
29443712,5713
29444812,5698
29445912,4941
29447412,6635
29448512,6001
29449612,5975
29450712,7886
29452212,5519
29453312,6290
29454412,7133
29455512,7049
29457012,4696
29458112,6061
29459212,7044
29460312,5184
29461412,5366
29463012,9394
29464112,3808
29465212,7087
29466312,5624
29467812,8254
29468912,5417
29470012,6738
29471112,5442
29472612,6327
29473712,5304
29474812,7116
29475912,4692
29477412,6607
29478512,5978
29479612,8506
29569210,6228
29570712,7116
29572212,5393
29573412,5215
29574512,6683
29575612,6024
29577212,6195
29578312,6288
29579412,6765
29580512,6262
29582012,5777
29583112,6289
29584212,5991
29585312,5424
29586412,6464
29587912,6737
29589012,6736
29590112,6434
29591212,6909
29592712,6855
29593812,4685
29594912,5452
29596012,4987
29597512,5353
29598612,5542
29599712,6732
29600812,7104
29673410,6751
29674910,7116
29676010,8289
29677512,7570
29678612,7844
29679712,6833
29680812,5062
29682312,4861
29683412,5546
29684512,4269
29685612,4922
29687112,5375
29688212,5697
29689312,4856
29690412,6186
29691912,6239
29693012,7402
29694112,7787
29695212,7086
29696312,6879
29697812,6558
29698912,6570
29700012,5774
29701112,5671
29702612,5462
29703712,5908
29704812,6022
29705912,6557
29707512,6304
29708612,6383
29709712,5711
29710812,7655
29712312,6879
29713412,6399
29714512,4735
29715612,7038
29717112,7540
29806810,7524
29808410,7318
29809679,7578
29810810,5543
29812310,9139
29813410,4965
29814510,4263
29815610,6332
29817110,6679
29818210,5150
29819310,6453
29820410,6340
29821912,6717
29823012,5526
29824112,6691
29825212,4652
29826312,6369
29836311,7286
29837811,7285
29838911,7349
29840011,6751
29841211,7905
29842811,5990
29843911,6591
29845011,5616
29846111,4916
29847611,5687
29848711,4527
29849811,7201
29850911,7248
29852411,5811
29853511,8394
29854611,5354
29855711,2862
29952612,3636
29954212,6114
29955412,6134
29956912,6464
29958112,7999
29959212,6052
29960312,4853
29961412,7762
29962912,6282
29964012,6370
29965112,6573
29966212,4047
29967712,4691
29968812,6034
29969912,6646
29971012,6327
29972512,6070
29973612,6021
29974712,7092
29975812,6173
29977412,7111
29978512,8103
29979612,6379
29980712,4999
29982212,5673
29983312,4229
29984412,5023
29985512,6105
29987012,7345
29988112,5202
30077712,4983
30079312,5950
30080612,6391
30082112,6421
30083212,6946
30084312,6884
30085412,7476
30086912,6613
30088012,7221
30089112,6731
30090212,6233
30091312,5224
30092812,3844
30093912,4375
30095012,3618
30096112,4800
30097612,6472
30098712,7132
30099812,8382
30100912,8579
30102412,7271
30103512,8258
30104612,6127
30105712,4419
30107312,3965
30108412,4818
30109512,5294
30110612,6633
30112112,6605
30113212,7771
30114312,6759
30115412,7270
30116912,6645
30118012,5919
30119112,5935
30120212,4463
30121312,3431
30122812,5166
30123912,5123
30125012,6030
30126112,7459
30127612,8604
30128712,7433
30129812,6883
30130912,5459
30203310,6913
30204810,6588
30205910,7080
30207412,6464
30208512,5861
30209612,4712
30210712,4087
30212212,4911
30213312,6506
30214412,7065
30215512,7618
30217012,8513
30218112,7552
30219212,7360
30220312,4880
30221412,4608
30222912,4334
30224012,4696
30225112,4964
