timestamp_us,ax,ay,az,gx,gy,gz
5683310,1088,-4,-13192,138,287,114
5685910,1088,-4,-13192,138,287,114
5690712,852,-32,-13920,162,268,91
5695512,768,-112,-13824,102,191,121
5701412,596,-148,-13612,156,225,126
5706312,916,-244,-12984,111,328,103
5711112,772,-372,-13432,96,415,75
5797511,752,-344,-13796,70,364,113
5801311,696,-68,-13736,56,270,92
5806211,760,12,-13264,76,336,100
5811011,928,12,-13276,86,319,92
5815811,880,76,-13416,66,419,75
5820611,884,100,-13696,76,421,92
5825411,944,4,-13776,121,381,81
5835312,924,16,-13600,102,279,111
5836812,924,16,-13600,102,279,111
5840612,764,-160,-13684,160,247,89
5845412,560,-192,-13784,160,231,107
5851412,832,-316,-13580,84,289,113
5856212,772,-396,-13288,70,368,80
5925612,712,-288,-13632,102,272,103
5930512,736,-380,-13580,98,362,120
5935412,824,-360,-13480,96,429,125
5941312,896,-244,-13736,74,415,100
5946112,728,-208,-13820,56,319,118
5950912,896,-24,-13344,103,337,98
6033912,952,0,-13348,87,358,103
6035412,952,0,-13348,87,358,103
6041412,864,8,-13484,85,393,70
6046312,1052,56,-13636,136,386,98
6051112,952,36,-13560,115,311,75
6055912,864,4,-13384,132,300,118
6060712,812,-48,-13404,135,255,86
6065512,704,-140,-13676,139,284,111
6071412,628,-256,-13776,110,247,103
6076312,664,-320,-13608,123,361,117
6081112,860,-356,-13440,91,365,89
6085912,844,-264,-13668,94,411,83
6090712,740,-184,-13840,90,377,96
6095512,724,-136,-13764,70,320,126
6164712,884,-264,-13656,94,373,82
6166312,884,-264,-13656,94,373,82
6171112,784,-160,-13616,88,302,116
6175912,920,-84,-13472,73,338,105
6261211,956,96,-13332,101,365,99
6266111,956,84,-13484,100,358,86
6270911,904,76,-13632,113,353,82
6275711,908,-100,-13692,127,309,105
6280511,928,-64,-13672,116,253,102
6286411,644,-76,-13440,152,253,124
6291211,752,-292,-13400,148,291,119
6296011,660,-292,-13644,103,309,96
6300911,704,-340,-13532,110,344,88
6305711,756,-328,-13468,93,355,83
6310511,820,-228,-13380,91,352,72
6316411,804,-216,-13768,99,371,106
6321211,828,-128,-13660,67,324,98
6326011,700,-28,-13708,74,324,106
6342912,844,84,-13504,114,374,112
6345512,872,-132,-13816,120,321,102
6415510,992,-36,-13572,87,357,112
6439512,664,-232,-13720,135,310,94
6441012,664,-232,-13720,135,310,94
6533212,724,-212,-13496,98,359,84
6536012,864,-248,-13480,81,344,83
6540812,900,-92,-13684,83,351,84
6545612,848,-52,-13768,88,323,97
6550412,796,-44,-13484,72,325,100
6556312,880,-64,-13364,67,342,118
6561112,972,12,-13476,118,373,71
6565912,848,-24,-13632,108,347,99
6570812,1008,-44,-13616,133,346,111
6575612,848,-44,-13708,104,295,83
6580412,788,-96,-13576,123,271,98
6586312,724,-200,-13484,129,281,100
6591112,712,-232,-13660,118,284,95
6595912,748,-296,-13700,105,328,104
6600712,768,-260,-13456,109,379,120
6605512,876,-160,-13448,81,378,85
6693312,860,-132,-13768,84,322,91
6769312,776,-12,-13564,102,328,71
6770912,776,-12,-13564,102,328,71
6775912,896,36,-13496,93,331,99
6780712,804,-40,-13348,88,342,96
6785512,884,12,-13560,107,369,82
6791412,860,-84,-13716,108,340,50
6796212,928,-160,-13704,114,316,96
6801112,856,-56,-13556,112,287,116
6805912,784,-296,-13792,143,277,123
6810712,792,-204,-13628,115,295,85
6815512,792,-176,-13668,85,336,109
6821412,812,-232,-13612,106,326,95
6826212,784,-264,-13532,95,395,99
6843112,684,-96,-13828,78,336,108
6845712,772,4,-13568,103,305,86
6850512,852,-16,-13436,82,321,114
6856412,884,48,-13468,129,349,114
6943011,880,-32,-13592,117,335,118
6945811,936,-160,-13528,108,321,104
6950611,796,-144,-13544,111,277,106
7020512,812,-152,-13696,122,301,104
7025412,836,-108,-13620,120,253,107
7031412,848,-160,-13464,108,314,120
7036212,732,-236,-13504,104,301,83
7041012,648,-176,-13580,101,349,100
7045812,600,-220,-13624,99,355,107
7050612,796,-124,-13424,96,394,88
7055412,868,-84,-13548,65,372,99
7061312,912,-240,-13468,85,348,94
7066112,756,-84,-13696,89,334,114
7071012,880,-28,-13604,102,299,94
7075812,920,36,-13532,76,310,99
7080612,896,-56,-13364,105,325,86
7085412,924,-40,-13336,109,362,85
7170969,848,-72,-13736,109,304,103
7175910,796,-180,-13584,111,294,106
7180710,800,-160,-13540,115,312,114
7185612,752,-280,-13524,115,341,82
7190412,680,-268,-13476,93,342,92
7196312,672,-216,-13552,103,349,83
7266869,752,-200,-13660,89,341,98
7270710,796,-252,-13604,86,314,88
7275510,792,-188,-13428,99,343,125
7280412,896,-144,-13596,118,346,93
7286312,872,-188,-13700,90,322,96
7291112,760,-84,-13712,84,341,76
7295912,744,-12,-13508,103,340,83
7300712,884,-84,-13388,108,357,94
7305512,900,-112,-13424,104,359,106
7311412,868,-16,-13640,116,358,121
7316212,840,-100,-13616,110,280,92
7399413,884,-60,-13352,109,287,90
7411612,780,-216,-13540,101,323,110
7435578,808,-144,-13576,107,354,90
7440610,824,-176,-13692,82,319,100
7445512,916,-56,-13444,100,346,83
7451412,960,-24,-13412,95,355,123
7456212,772,-28,-13616,77,372,109
7461012,896,-112,-13712,101,354,108
7465812,856,4,-13708,108,326,95
7535869,880,-152,-13708,107,340,98
7540810,920,-168,-13540,139,332,95
7545610,836,-84,-13468,83,275,91
7550512,868,-72,-13508,122,292,109
7556412,748,-116,-13640,118,320,98
7561212,792,-124,-13640,143,353,94
7566012,748,-220,-13660,59,345,77
7570812,856,-164,-13456,95,366,121
7657310,932,-72,-13588,93,355,98
7661410,928,-84,-13604,94,341,98
7666210,816,-108,-13560,84,321,91
7671010,856,-100,-13544,96,303,92
7675811,900,-184,-13444,127,314,103
7680611,772,-100,-13456,119,350,119
7685411,892,-160,-13744,89,323,104
7691411,716,-144,-13596,119,322,115
7696211,784,-168,-13552,108,324,120
7701011,732,-104,-13408,81,320,110
7705811,604,-196,-13584,117,315,120
7710611,752,-156,-13564,77,331,133
7781210,912,-20,-13520,108,340,280
7786112,776,16,-13780,143,302,295
7790912,896,-108,-13596,153,312,281
7795712,668,-200,-13432,88,251,299
7800512,572,-308,-13496,112,307,317
7886010,732,-192,-13496,66,362,297
7910312,1096,-216,-13660,111,308,209
7911812,1096,-216,-13660,111,308,209
7915512,884,-140,-13548,143,286,205
7921412,860,-440,-13688,151,233,183
7926212,664,-400,-13600,135,157,163
7931012,580,-400,-13584,148,248,169
7935912,776,-284,-13396,65,331,160
7940712,752,-248,-13288,85,447,112
7945512,1000,-352,-13344,40,479,103
7951412,720,-228,-13768,72,428,79
7956212,864,-80,-13588,82,343,101
7961012,652,-48,-13732,42,248,103
7965812,1028,-80,-13392,68,252,83
7970612,700,12,-13196,102,281,117
8041912,860,-128,-13768,88,266,100
8045812,984,20,-13144,133,338,91
8050612,892,64,-13408,57,303,85
8055412,980,-28,-13452,147,383,83
8139711,788,-80,-13684,96,310,91
8141311,788,-80,-13684,96,310,91
8146311,936,-152,-13688,142,305,101
8151111,836,-108,-13512,131,300,104
8155911,692,-328,-13744,108,255,90
8160711,700,-272,-13516,119,310,118
8165511,716,-296,-13584,71,290,99
8170411,864,-208,-13232,130,426,87
8176311,832,-260,-13436,47,362,100
8181111,832,-184,-13652,73,414,95
8185911,848,-96,-13808,65,353,106
8190711,952,-12,-13620,100,324,105
8195511,944,-28,-13132,99,303,109
8201411,936,-96,-13504,111,271,124
8206211,856,28,-13492,131,369,90
8211111,852,-28,-13572,88,317,109
8280812,804,-24,-13424,99,345,89
8367512,852,-56,-13640,101,327,98
8388310,664,-216,-13696,137,322,93
8391010,760,-192,-13500,94,379,107
8395810,748,-192,-13584,104,381,61
8400712,1012,-144,-13268,95,377,116
8405512,816,-20,-13708,87,351,107
8411412,856,-88,-13488,121,338,105
8435412,840,-112,-13616,132,347,117
8440512,880,-200,-13772,100,297,101
8446412,880,-192,-13472,102,297,102
8451312,768,-220,-13348,140,276,83
8456112,728,-164,-13556,124,302,86
8460912,688,-280,-13684,101,329,94
8465712,780,-264,-13708,86,386,73
8470512,896,-164,-13492,93,385,95
8476412,672,-136,-13548,116,355,111
8481212,776,-60,-13384,82,322,85
8565611,844,44,-13676,108,325,86
8570711,904,-68,-13328,92,366,96
8641010,848,-32,-13640,86,298,105
8645810,860,-80,-13460,97,314,95
8650712,832,-128,-13372,110,382,96
8655512,936,-112,-13520,96,343,97
8661412,852,-192,-13748,122,362,95
8666212,748,-96,-13616,115,283,97
8671012,884,-208,-13592,117,257,101
8675812,756,-228,-13416,113,294,100
8680612,564,-204,-13576,104,313,108
8685412,760,-300,-13488,99,355,98
8691412,732,-180,-13684,86,358,91
8696212,860,-256,-13588,102,374,115
8701012,916,-136,-13536,76,330,89
8705812,848,-136,-13612,90,331,95
8710612,880,-128,-13628,92,335,115
8793911,880,-128,-13628,92,335,115
8795577,924,88,-13252,116,372,88
8800511,960,-92,-13352,116,354,108
8806411,836,-104,-13684,103,339,113
8811311,888,-164,-13796,104,305,94
8881810,824,-100,-13824,82,336,90
8905911,624,-216,-13548,94,369,102
8910811,908,-312,-13788,101,369,97
8915711,764,-112,-13576,88,355,91
8920511,784,-84,-13404,99,346,98
8926411,860,-84,-13428,85,310,106
8931211,832,-60,-13508,96,322,109
8936011,784,-160,-13688,58,328,102
8940811,832,-104,-13592,101,331,118
8945711,868,-40,-13344,123,350,113
8950511,928,-48,-13364,110,364,66
8956411,844,-192,-13656,107,330,113
8961211,824,-236,-13916,113,289,113
9045612,796,-176,-13392,116,305,82
9050612,792,-160,-13336,118,353,102
9055512,900,-196,-13516,104,389,97
9061412,860,-144,-13812,73,381,104
9066212,780,-208,-13620,92,347,110
9071012,908,-92,-13468,100,305,120
9075812,892,-20,-13188,114,324,101
9146310,948,-32,-13348,108,307,94
9151110,900,-48,-13316,103,336,95
9156012,816,-16,-13372,105,323,75
9160812,856,-124,-13792,113,328,77
9165612,924,36,-13528,123,331,105
9170412,904,48,-13296,111,322,110
9176312,928,-48,-13128,104,321,70
9181112,876,-184,-13692,126,340,79
9185912,740,-192,-13708,114,292,91
9190712,700,-156,-13376,117,324,103
9274016,700,-156,-13376,117,324,103
9275669,860,-192,-13244,108,351,77
9280511,804,-136,-13680,90,385,100
9286411,780,-140,-13872,118,348,82
9291211,760,-172,-13780,78,298,87
9296011,908,-28,-13328,80,267,90
9300811,956,-152,-13308,95,334,87
9305711,872,44,-13368,89,371,87
9310511,748,-48,-13988,125,333,98
9316411,788,-108,-13732,100,315,128
9386312,756,-176,-13956,69,339,72
9407012,880,-132,-13492,96,333,87
9410712,720,-112,-13864,105,308,86
9415512,764,-152,-13620,97,292,119
9436212,704,-132,-13936,118,351,99
9441212,816,-136,-13796,98,321,122
9446012,888,-108,-13396,86,298,106
9450912,868,-28,-13364,131,342,76
9455712,856,-96,-13516,91,364,77
9541211,788,-176,-13868,96,332,110
9546211,860,-172,-13368,86,325,108
9551111,840,-156,-13228,90,316,105
9555911,784,-80,-13380,100,360,79
9560711,744,-220,-13764,117,329,89
9565511,816,-16,-13832,109,323,83
9571411,896,-144,-13372,99,309,103
9576211,956,-112,-13376,96,342,100
9581111,840,-136,-13516,102,341,68
9585911,792,-144,-13916,95,320,111
9590711,720,-124,-13768,67,309,91
9661012,796,-116,-13856,91,328,96
9666012,804,-168,-13788,97,329,126
9670812,868,-148,-13512,100,321,116
9675612,916,-140,-13200,104,331,82
9680412,808,-72,-13620,91,356,118
9686312,840,-232,-13772,98,327,89
9770612,940,-36,-13496,116,333,95
9775512,932,-88,-13256,100,355,101
9780412,840,-136,-13644,93,338,96
9786312,752,-260,-13888,108,328,86
9791112,828,-80,-13896,123,332,106
9795912,856,-176,-13268,87,330,94
9800712,976,-148,-13240,89,338,103
9805512,920,-140,-13344,86,379,106
9811412,728,-176,-13712,93,338,94
9816212,804,-108,-13624,72,329,77
9821112,832,-168,-13384,93,333,109
9825912,916,-136,-13296,108,336,102
9846710,796,-44,-13428,116,318,122
9850510,912,-164,-13272,100,354,107
9921012,892,-132,-13480,95,315,105
9926012,904,-132,-13336,95,336,89
9930812,840,-128,-13428,92,349,96
9935612,804,8,-13416,105,328,95
10024310,804,8,-13416,105,328,95
10025912,912,-188,-13104,106,364,85
10030812,832,-112,-13648,94,367,97
10035612,860,-92,-13944,114,371,91
10040512,816,-152,-13700,98,336,85
10046412,872,-24,-13468,67,309,91
10051212,844,-84,-13136,132,340,88
10056012,768,-168,-13376,106,357,89
10060812,800,-240,-13688,94,325,94
10065612,808,-80,-13684,77,321,95
10070412,864,-96,-13280,69,316,99
10076312,896,-136,-13260,109,352,75
10081212,736,-80,-13628,99,354,84
10086012,636,-120,-13656,92,340,96
10090812,808,-20,-13700,90,325,108
10095612,708,-116,-13392,108,348,129
10166110,808,-228,-13724,98,297,103
10259512,916,-96,-13464,110,356,89
10261112,764,-44,-13816,92,327,109
10266012,812,-132,-13644,72,302,81
10270812,904,-184,-13556,78,312,122
10275612,900,-40,-13392,107,331,108
10280412,776,-144,-13464,86,360,91
10286312,828,-132,-13724,115,359,107
10291112,684,-148,-13864,85,320,78
10296012,836,-164,-13520,112,341,76
10300812,896,-128,-13392,109,321,98
10305612,840,-164,-13500,98,315,77
10310412,800,-176,-13676,94,352,121
10316312,804,-200,-13644,114,334,105
10321112,844,-184,-13540,103,319,100
10325912,904,-96,-13328,81,323,79
10336912,860,-48,-13780,129,317,92
10340712,760,-152,-13672,106,327,99
10345512,956,-156,-13348,88,344,87
10459010,876,-148,-13560,108,334,100
10536610,836,-148,-13568,104,331,95
10541512,824,-148,-13588,69,351,112
10546312,840,-128,-13440,117,371,91
10551112,860,-228,-13620,73,327,91
10556012,816,-56,-13460,95,319,84
10560812,848,-224,-13520,98,345,94
10565612,896,-80,-13640,128,309,96
10570412,832,-80,-13456,100,340,104
10576312,776,-128,-13548,133,337,110
10581112,900,-112,-13492,94,350,114
10585912,788,-180,-13772,122,301,102
10590712,812,-280,-13612,111,338,81
10595612,932,-180,-13700,90,277,104
10600412,820,-100,-13372,104,325,89
10606312,764,-104,-13668,85,353,100
10611112,896,-152,-13480,99,349,114
10701012,792,-164,-13620,109,332,95
10705912,764,-56,-13872,83,291,103
10710712,780,-100,-13584,112,303,108
10715612,804,-112,-13444,95,339,104
10788111,772,-28,-13620,109,327,92
10790911,860,-128,-13440,88,357,103
10795711,956,-176,-13564,105,382,97
10800511,864,-136,-13552,106,342,103
10806411,804,-64,-13720,84,349,81
10811211,764,-172,-13616,105,309,71
10816011,788,-188,-13436,85,312,121
10820811,772,-144,-13364,94,314,88
10825711,884,-164,-13680,102,356,92
10835712,784,-156,-13644,67,349,99
10840612,900,-120,-13472,112,345,106
10845412,764,-176,-13488,101,332,97
10851312,732,-156,-13512,116,330,81
10856112,816,-184,-13556,106,325,94
10947210,796,-224,-13352,98,334,101
10950910,928,-88,-13632,94,343,83
10955712,812,-148,-13692,92,332,106
10960512,804,-132,-13660,102,315,109
10966412,816,-116,-13364,110,298,119
10971312,864,-100,-13352,100,323,103
11044010,1000,-64,-13488,90,319,109
11045610,856,-92,-13216,103,349,105
11050412,832,-192,-13400,97,357,86
11056312,816,-100,-13784,97,349,120
11061112,828,-60,-13756,93,319,110
11065912,836,-76,-13528,98,325,86
11070712,824,-192,-13320,126,335,93
11075512,824,-168,-13620,110,337,108
11080412,764,-124,-13736,108,355,121
11086312,684,-212,-13544,108,305,102
11091112,812,-132,-13580,103,351,94
11184410,720,-196,-13808,113,311,84
11185912,800,-100,-13616,121,320,98
11190812,840,-144,-13244,87,325,94
11195712,836,-52,-13576,92,356,78
11200512,812,-148,-13556,80,358,74
11206412,812,-52,-13716,117,343,114
11211212,812,-108,-13668,100,331,102
11216012,756,-184,-13344,89,319,110
11220812,840,4,-13480,92,328,103
11293010,848,-164,-13348,135,330,97
11295610,796,-108,-13496,113,325,95
11300412,756,-180,-13732,87,318,103
11306312,736,-32,-13744,98,325,94
11311112,772,-184,-13488,91,337,86
11315912,852,-316,-13560,92,348,92
11320712,828,-80,-13376,85,331,85
11325512,800,-48,-13664,101,318,87
11339111,888,-136,-13564,94,335,85
11340611,932,-100,-13612,117,329,95
11434210,900,-212,-13708,96,343,108
11458210,656,-160,-13720,107,326,113
11460910,780,-200,-13692,73,307,84
11465812,888,-96,-13480,126,308,91
11470612,936,-204,-13416,93,330,102
11475412,856,-152,-13644,97,324,95
11481312,812,-76,-13720,92,347,94
11486112,820,-144,-13672,95,335,101
11490912,952,-148,-13284,89,332,93
11495812,892,-92,-13392,91,360,88
11567211,940,-100,-13448,97,336,110
11571111,908,-84,-13532,139,338,101
11575911,896,-108,-13564,104,333,109
11580711,776,-184,-13772,74,338,84
11585511,728,-156,-13520,84,314,79
11590411,808,-156,-13432,100,322,88
11596311,888,-76,-13224,83,320,83
11601111,824,-148,-13536,105,361,81
11693310,748,-228,-13684,78,295,83
11695912,816,-204,-13408,89,333,93
11700712,828,-120,-13512,122,351,85
11705512,908,-88,-13620,83,347,90
11710412,760,-148,-13788,85,371,80
11716312,844,-56,-13468,88,346,121
11721112,780,-68,-13428,114,324,103
11725912,920,-84,-13560,117,323,90
11730712,776,-84,-13904,98,305,83
11735512,696,-116,-13632,110,331,117
11741412,856,-80,-13516,98,325,109
11746212,848,-192,-13408,82,348,106
11818011,880,-64,-13436,76,318,115
11820711,880,-112,-13548,112,347,81
11825511,788,-192,-13592,124,334,99
11835412,780,-152,-13712,89,311,117
11841312,816,-80,-13360,70,338,106
11846112,796,-96,-13420,101,324,83
11938410,736,-216,-13660,85,326,103
11941210,748,-80,-13524,103,307,122
11946112,852,-48,-13356,83,353,99
11950912,860,-80,-13636,98,336,97
11955712,812,-160,-13696,109,327,80
11960512,788,-192,-13624,129,343,114
11966412,892,-124,-13408,84,315,90
11971212,868,-144,-13372,108,346,81
11976012,792,-128,-13572,70,341,110
11980812,836,-120,-13724,113,348,105
11985712,792,-104,-13600,76,327,92
11990512,844,-140,-13300,90,340,120
11996412,916,-144,-13544,73,355,83
12001212,692,-32,-13500,101,335,98
12073110,700,-124,-13200,116,338,102
12075712,860,-44,-13472,101,366,111
12080512,932,-68,-13748,128,334,100
12175012,756,-64,-13352,89,363,120
12176612,800,-184,-13540,87,321,101
12181412,836,-144,-13864,107,364,96
12186212,800,-116,-13680,122,338,96
12191012,772,-104,-13372,110,332,98
12195812,828,-76,-13456,87,337,88
12200612,824,-144,-13460,116,346,97
12205412,824,-144,-13460,116,346,97
12211412,880,-72,-13520,85,322,92
12216212,856,-64,-13524,81,341,111
12221012,956,-80,-13416,107,347,95
12225812,824,-100,-13660,98,322,90
12230612,792,-80,-13636,104,318,86
12235412,792,-80,-13636,104,318,86
12241312,860,-172,-13416,109,314,101
12246112,824,-128,-13492,95,323,104
12251012,792,-96,-13724,104,339,128
12416410,824,-108,-13592,109,320,103
12428710,800,-96,-13612,108,348,99
12431310,808,-124,-13668,115,342,88
12454312,820,-160,-13644,85,316,97
12455821,696,-180,-13844,62,312,99
12460712,868,-112,-13592,121,313,115
12465612,868,-112,-13592,121,313,115
12470412,844,-152,-13492,105,322,89
12476312,956,-156,-13692,105,350,74
12481112,840,-220,-13716,84,336,106
12485912,904,-64,-13564,93,315,92
12490712,844,-156,-13220,103,313,81
12495612,844,-156,-13220,103,313,81
12500412,832,-96,-13516,93,355,110
12506312,832,-112,-13708,90,326,93
12511112,892,-196,-13580,97,328,107
12515912,868,-72,-13348,106,290,89
12520712,952,-120,-13604,105,319,97
12612810,884,-100,-13540,99,339,86
12615412,884,-100,-13540,99,339,86
12688512,808,-220,-13472,96,319,99
12691112,952,-160,-13424,97,345,115
12696012,804,-156,-13556,93,345,103
12700812,832,-188,-13688,101,352,102
12705612,832,-188,-13688,101,352,102
12710412,748,-148,-13732,100,316,91
12716312,852,-148,-13420,126,335,108
12721112,856,-84,-13360,98,351,120
12725912,836,-176,-13784,106,359,106
12730712,880,-120,-13916,91,352,100
12735612,880,-120,-13916,91,352,100
12740412,920,-160,-13664,109,346,103
12746312,792,-76,-13524,103,339,104
12751112,776,-144,-13600,118,318,83
12755912,748,-252,-13684,108,321,90
12760712,856,-116,-13520,124,353,106
12850612,856,-116,-13520,124,353,106
12867711,768,-128,-13284,80,338,126
12871411,820,-36,-13420,81,362,98
12876311,812,-116,-13692,122,375,94
12949310,884,-124,-13600,96,363,71
12950810,884,-124,-13600,96,363,71
12955712,788,-192,-13776,106,365,114
12960512,824,-212,-13844,118,338,82
12966412,864,-92,-13280,119,305,96
12971312,832,-144,-13424,95,336,141
12976112,900,-136,-13684,83,334,83
12980912,772,-188,-13768,100,354,82
12985712,772,-188,-13768,100,354,82
12990512,908,-128,-13600,79,339,123
12996412,832,-152,-13504,98,324,112
13001212,724,-160,-13544,99,325,86
13006012,844,-108,-13772,100,298,99
13010912,800,-84,-13516,112,306,108
13103211,780,-164,-13724,116,337,110
13105911,792,-56,-13812,111,301,111
13110811,792,-56,-13812,111,301,111
13115611,756,-180,-13548,138,293,108
13120411,840,-120,-13328,102,306,122
13126311,784,-164,-13524,106,360,83
13199012,764,-64,-13388,86,341,101
13200612,764,-64,-13388,86,341,101
13205412,804,-184,-13672,94,359,88
13211312,872,-200,-13380,104,339,102
13216112,896,-100,-13404,86,342,106
13220912,896,-100,-13404,86,342,106
13225712,748,-84,-13560,94,331,126
13230512,792,-144,-13660,111,305,103
13235412,764,-32,-13692,115,340,89
13241312,956,-180,-13568,85,356,82
13246112,844,-184,-13332,97,365,77
13250912,840,-68,-13544,106,289,104
13340812,840,-68,-13544,106,289,104
13357812,836,-204,-13652,92,346,120
13360412,836,-204,-13652,92,346,120
13366312,976,-96,-13324,99,331,95
13371112,792,-140,-13572,96,330,114
13375912,792,-140,-13572,96,330,114
13380712,772,-160,-13656,120,347,106
13385512,732,-96,-13728,90,328,104
13481410,748,-112,-13796,95,308,110
13486412,796,-136,-13484,102,299,99
13491212,880,-96,-13292,98,349,113
13496012,944,-60,-13508,106,392,73
13500912,944,-60,-13508,106,392,73
13505712,772,-160,-13840,97,339,101
13510512,720,-172,-13780,96,317,92
13516412,848,-32,-13352,125,353,86
13521212,832,-196,-13688,102,324,95
13526012,832,-196,-13688,102,324,95
13617110,848,-132,-13308,91,315,106
13621012,848,-132,-13308,91,315,106
13625812,820,-40,-13480,95,362,101
13630612,788,-124,-13592,113,338,97
13635412,712,-64,-13612,110,300,115
13641312,876,-216,-13244,102,353,83
13646212,816,-264,-13360,113,364,95
13651012,816,-264,-13360,113,364,95
13655812,640,-64,-13660,130,356,91
13660612,812,-212,-13860,81,287,112
13732611,848,-288,-13876,89,321,94
13735411,848,-288,-13876,89,321,94
13741311,900,-60,-13268,110,322,103
13746111,900,-60,-13268,110,322,103
13750911,868,-96,-13448,94,342,92
13755711,772,-204,-13772,84,358,105
13760511,780,-96,-13796,100,333,104
13853710,696,-100,-13824,111,352,87
13866912,916,-212,-13248,80,353,105
13870712,916,-212,-13248,80,353,105
13875512,852,-132,-13476,136,336,108
13881412,712,-124,-13888,106,311,102
13886312,852,-124,-13520,94,328,104
13891112,852,-124,-13520,94,328,104
13895912,936,-100,-13184,114,364,87
13900712,872,-164,-13404,86,352,115
13905512,696,-116,-13832,101,349,105
13911412,804,-72,-13572,87,308,109
13916212,804,-72,-13572,87,308,109
13921012,1000,-192,-13316,105,353,91
13993611,908,-120,-13220,74,343,97
13996411,824,-64,-13412,122,341,90
14001211,824,-64,-13412,122,341,90
14006011,820,-120,-13608,117,317,99
14010811,820,-244,-13784,115,301,109
14103210,772,-84,-13788,107,364,101
14105810,772,-84,-13788,107,364,101
14110612,820,-160,-13820,79,321,91
14115412,848,-76,-13384,99,331,121
14121312,868,-56,-13284,76,348,96
14126112,776,-96,-13440,96,356,96
14130912,704,-84,-13800,102,339,78
14135712,800,-132,-13656,87,335,89
14140612,880,-132,-13584,89,314,90
14145412,812,-192,-13512,99,350,84
14151312,744,-56,-13372,98,351,77
14156112,628,-64,-13756,107,322,99
14160912,952,-100,-13768,83,317,107
14165712,788,-156,-13440,108,311,99
14170512,868,-152,-13408,115,310,110
14242012,812,-24,-13344,104,329,83
14245712,812,-24,-13344,104,329,83
14339110,968,-168,-13560,79,354,94
14352412,864,-220,-13500,120,351,106
14356212,864,-220,-13500,120,351,106
14361112,896,-116,-13688,131,324,89
14365912,860,-228,-13384,102,332,97
14370712,844,-196,-13628,105,340,91
14375512,932,-212,-13496,101,343,99
14381412,752,-148,-13696,95,334,115
14386212,772,-208,-13616,118,338,118
14391012,772,-152,-13580,97,327,98
14395812,784,-168,-13420,97,348,113
14400712,844,-108,-13456,94,358,100
14405512,800,-124,-13408,93,354,96
14411412,900,-144,-13768,63,334,91
14416212,872,-248,-13584,85,347,93
14421012,804,20,-13312,107,333,104
14425812,824,-128,-13440,103,321,106
14541012,864,-192,-13532,87,352,110
14618810,868,-16,-13472,101,353,95
14621410,868,-16,-13472,101,353,95
14626212,796,-140,-13776,78,360,104
14631012,864,-72,-13748,106,319,73
14635812,800,-164,-13488,96,309,118
14640612,888,-88,-13512,118,327,106
14645412,800,-92,-13340,134,310,103
14651312,828,-152,-13544,92,342,102
14656212,804,-132,-13728,104,334,94
14661012,784,-76,-13636,97,331,109
14665812,904,-112,-13336,106,345,110
14670612,880,-96,-13368,98,349,86
14675412,808,-116,-13636,96,337,96
14681312,816,-116,-13620,104,319,98
14686112,836,-120,-13544,105,312,111
14690912,916,-208,-13184,103,340,110
14783110,784,-76,-13688,88,325,113
14785818,784,-76,-13688,88,325,113
14790612,848,-156,-13496,102,345,97
14795412,804,-104,-13432,94,324,57
14867511,872,-200,-13452,110,328,87
14880910,852,-52,-13780,89,342,76
14885710,864,-136,-13696,104,341,94
14890512,948,-164,-13476,98,338,105
14896412,896,-156,-13228,111,316,123
14901212,728,-196,-13620,109,365,88
14906012,820,-136,-13728,77,342,93
14910812,728,-100,-13564,116,334,122
14915612,916,-56,-13312,100,343,102
14920512,952,-80,-13216,97,370,90
14926412,908,-60,-13600,96,343,109
14931212,776,-124,-13696,88,351,86
14936012,812,-144,-13656,83,306,124
14940812,840,-76,-13160,66,318,87
15031812,812,-204,-13808,86,324,119
15035612,812,-204,-13808,86,324,119
15040512,964,-132,-13412,131,313,128
15046412,892,-168,-13364,89,309,97
15051212,816,-116,-13660,102,326,77
15056012,772,-124,-13632,97,368,109
15128111,784,-80,-13436,86,364,93
15130911,784,-80,-13436,86,364,93
15135711,832,-112,-13760,77,346,91
15140511,864,-88,-13564,100,358,94
15146411,864,-156,-13432,119,337,98
15151211,768,-100,-13548,81,349,88
15156111,792,-152,-13428,129,319,64
15160911,796,-116,-13624,111,342,93
15165711,724,-228,-13604,99,320,94
15170511,820,-160,-13432,72,327,108
15176411,836,-160,-13520,94,380,83
15268510,856,-124,-13392,92,334,95
15271219,856,-124,-13392,92,334,95
15276112,952,-164,-13240,118,355,100
15280912,840,-48,-13460,94,323,109
15285712,824,-180,-13652,117,354,119
15290512,860,-164,-13540,100,360,111
15296412,864,-104,-13688,77,319,92
15301212,872,-8,-13436,112,325,81
15306012,804,-196,-13428,129,322,77
15377612,764,-224,-13504,97,332,89
15398311,840,-136,-13604,71,325,104
15400911,840,-136,-13604,71,325,104
15405711,900,-144,-13480,119,329,95
15410611,812,-100,-13476,84,330,118
15415411,824,-120,-13688,107,327,86
15421311,884,-64,-13736,102,353,105
15426111,832,-56,-13576,109,323,116
15430911,872,-184,-13448,82,351,106
15548410,928,-128,-13632,112,344,107
15551110,928,-128,-13632,112,344,107
15556012,856,-180,-13372,75,289,97
15560812,796,-152,-13604,109,307,88
15565612,864,-52,-13596,138,328,82
15570412,848,-160,-13584,124,336,93
15576312,756,-156,-13432,99,328,90
15581112,948,-132,-13624,80,345,116
15585912,776,-248,-13544,122,356,95
15590712,844,-96,-13640,101,320,99
15595612,872,-132,-13724,112,321,102
15668310,736,-104,-13636,119,325,99
15671110,736,-104,-13636,119,325,99
15675912,768,-156,-13508,108,328,98
15680712,876,-76,-13528,86,339,105
15685512,820,-124,-13580,101,347,88
15690412,936,-124,-13524,143,381,98
15696312,868,-156,-13620,105,337,81
15786612,868,-156,-13620,105,337,81
15790612,792,-104,-13708,87,311,94
15795412,872,-132,-13588,98,307,103
15801412,868,-184,-13464,111,352,75
15806212,856,-284,-13376,93,332,102
15811012,756,-136,-13680,64,311,116
15815812,812,-116,-13700,120,299,120
15820612,740,-192,-13692,140,303,97
15825412,864,-92,-13384,82,325,94
15835311,752,-192,-13656,116,336,77
15836811,752,-192,-13656,116,336,77
15840611,816,-64,-13872,78,330,87
15845511,816,-104,-13612,85,303,99
15917712,860,-136,-13536,110,331,95
15920512,860,-136,-13536,110,331,95
15926412,920,-28,-13416,90,338,101
15931212,840,-56,-13508,103,314,105
15936112,832,-84,-13796,94,321,110
15940912,688,-132,-13560,108,343,112
16033112,912,-116,-13452,81,308,116
16035812,912,-116,-13452,81,308,116
16040612,848,-100,-13388,80,334,93
16045412,748,-204,-13672,105,356,84
16051312,696,-148,-13816,109,354,90
16056212,816,-64,-13780,74,340,101
16061012,900,-120,-13120,99,327,108
16065812,976,-116,-13384,111,361,88
16070612,840,-124,-13804,113,340,82
16075412,696,-88,-13940,79,305,90
16081312,816,-224,-13500,108,305,111
16086112,988,-152,-13080,98,326,101
16090912,936,-124,-13232,111,372,98
16095812,776,-160,-13832,97,357,86
16168011,784,-116,-14044,104,377,105
16170811,784,-116,-14044,104,377,105
16175611,660,-132,-14324,136,319,98
16180411,824,-156,-14076,97,381,111
16269310,824,-156,-14076,97,381,111
16270912,824,-156,-14076,97,381,111
16275712,676,-252,-14524,88,335,101
16280512,816,-8,-13848,85,266,91
16286412,1100,-16,-12768,91,293,115
16291212,936,-136,-12912,104,341,95
16296012,812,-192,-13968,109,393,104
16300812,696,-96,-14628,114,321,83
16305612,868,-60,-13720,87,299,132
16310512,1088,-12,-12752,102,305,85
16316412,960,-116,-12772,107,338,69
16321212,708,-152,-13940,99,354,92
16326012,596,-240,-14560,90,337,98
16341610,1000,-92,-12740,94,371,80
16346410,820,-152,-13828,104,381,88
16351212,640,-164,-14660,101,349,110
16423611,644,-356,-14400,81,320,84
16426411,644,-356,-14400,81,320,84
16431211,808,-208,-13464,81,382,90
16521313,808,-208,-13464,81,382,90
16545112,852,-68,-13376,126,367,70
16546612,852,-68,-13376,126,367,70
16550512,756,-128,-14084,108,349,73
16556412,752,-184,-14008,83,313,114
16561212,924,-88,-13376,109,319,82
16566112,1028,-44,-13068,111,363,100
16570912,916,-108,-13368,115,377,73
16575712,772,-224,-13900,116,348,65
16580512,824,-164,-13828,99,328,101
16586412,900,-104,-13452,89,292,96
16591212,968,-100,-13080,80,350,88
16596012,904,-124,-13496,114,369,76
16600812,744,-136,-13956,89,339,96
16605712,692,-164,-13932,110,331,106
16610512,808,-108,-13420,117,314,90
16616412,932,-64,-13124,108,319,107
16688412,752,-184,-13744,93,324,90
16780769,752,-184,-13744,93,324,90
16785710,864,-96,-13296,97,348,87
16790510,880,-108,-13440,109,338,81
16795412,860,-84,-13496,101,345,113
16801312,788,-120,-13988,131,340,91
16806112,800,-64,-13588,84,355,110
16810912,776,-36,-13432,72,324,111
16815712,908,-180,-13368,95,326,98
16820512,772,-108,-13720,85,350,116
16826412,840,-176,-13952,110,350,93
16836312,868,-180,-13392,94,315,104
16841112,896,-132,-13344,113,353,122
16845912,840,-200,-13516,114,343,105
16850712,776,-152,-13860,112,332,103
16855512,848,-76,-13692,98,336,88
16861412,996,-140,-13384,99,308,110
16954710,840,-52,-13536,71,337,108
16956312,840,-52,-13536,71,337,108
16961112,936,-52,-13336,103,339,91
17033111,888,-80,-13288,89,313,76
17035811,888,-80,-13288,89,313,76
17040611,768,-56,-13536,108,329,89
17045511,808,-40,-13664,94,323,87
17051411,772,-108,-13816,111,320,108
17056211,792,-96,-13524,84,329,113
17061011,888,-80,-13464,104,343,96
17065811,780,-132,-13448,101,339,82
17070611,860,-200,-13752,108,376,96
17075411,816,-192,-13836,130,334,99
17081311,804,-136,-13712,94,287,109
17086211,868,-140,-13232,121,323,107
17091011,948,-160,-13300,105,342,74
17095811,744,-108,-13656,106,347,101
17100611,952,-72,-13860,110,343,110
17191812,880,-60,-13248,108,332,95
17195612,836,-44,-13592,124,342,81
17200412,748,-228,-13680,91,347,108
17206312,852,-72,-13636,106,303,78
17211112,860,-88,-13428,112,321,101
17283010,928,-100,-13240,104,345,119
17285710,928,-100,-13240,104,345,119
17290510,776,-156,-13388,90,372,105
17295411,880,-148,-13780,121,333,93
17301311,712,-172,-13768,117,301,100
17306111,792,-160,-13560,86,320,110
17310911,956,-148,-13360,92,348,101
17315711,812,-112,-13308,82,361,73
17320511,904,-100,-13600,104,348,123
17326411,780,-128,-13680,103,353,88
17347012,796,-124,-13620,91,345,91
17350712,772,-104,-13784,111,340,117
17355512,756,-196,-13580,96,326,98
17447812,784,-44,-13548,95,333,99
17450412,784,-44,-13548,95,333,99
17456312,912,-56,-13504,82,332,82
17461112,872,-112,-13408,98,357,70
17465912,956,-116,-13684,111,368,92
17470712,812,-152,-13780,93,351,70
17475512,788,-96,-13760,100,342,110
17571712,784,-100,-13792,85,332,90
17575512,716,-136,-13744,106,321,96
17580412,932,-164,-13660,80,325,82
17586312,864,8,-13508,110,330,91
17591112,824,-60,-13656,105,326,112
17595912,784,-204,-13520,102,318,99
17600712,836,-152,-13724,85,332,94
17605512,804,-212,-13416,98,324,67
17610412,932,-108,-13532,119,378,101
17616312,832,-4,-13504,84,324,93
17708621,792,-172,-13420,102,348,105
17711568,792,-172,-13420,102,348,105
17716412,792,-220,-13520,79,351,93
17721212,796,-156,-13668,109,369,93
17726012,800,-204,-13672,102,345,113
17730812,872,-80,-13548,86,346,85
17735612,908,-172,-13384,101,333,101
17740512,820,-120,-13356,85,343,115
17746412,768,-68,-13496,98,335,102
17751212,844,-60,-13648,99,321,88
17823010,940,-100,-13488,120,314,124
17825810,940,-100,-13488,120,314,124
17835712,848,-232,-13608,93,328,94
17840512,860,-60,-13648,95,353,116
17846412,776,-132,-13764,117,302,85
17851212,772,-112,-13556,87,324,80
17856012,760,-204,-13436,90,317,96
17860812,828,-180,-13516,126,323,106
17954210,904,-212,-13644,111,331,104
17955810,904,-212,-13644,111,331,104
17960612,864,-136,-13540,108,301,101
17965412,848,-80,-13524,134,321,99
17971312,868,-44,-13568,103,339,111
17976212,824,-60,-13584,109,340,104
17981012,904,-80,-13652,95,330,87
17985812,788,-228,-13440,102,345,103
17990612,756,-44,-13484,117,334,80
17995412,772,-88,-13588,91,331,108
18001312,844,-188,-13536,111,310,94
18006112,808,-152,-13460,74,322,83
18078612,868,-124,-13560,91,346,99
18081412,868,-124,-13560,91,346,99
18086212,800,-200,-13496,125,352,99
18091012,828,-244,-13520,98,353,92
18095812,752,0,-13776,102,349,100
18100712,896,-212,-13556,127,357,99
18192021,820,-32,-13736,124,331,109
18196015,820,-164,-13544,97,331,53
18200912,816,-60,-13688,103,350,74
18205712,860,-184,-13464,111,343,115
18210512,860,-136,-13604,123,314,100
18216412,812,-244,-13684,103,329,104
18221212,772,-160,-13584,93,337,85
18226012,832,-108,-13540,99,331,95
18230812,760,-176,-13656,84,327,101
18235612,768,-180,-13580,102,354,88
18240512,908,-228,-13648,90,357,112
18246412,836,-112,-13572,93,333,101
18251212,796,-40,-13404,65,353,107
18256012,804,-68,-13460,96,326,64
18327911,864,-96,-13676,111,312,104
18345012,756,-136,-13592,109,335,90
18346512,756,-136,-13592,109,335,90
18350412,896,-64,-13640,104,334,99
18444812,772,-132,-13872,55,331,108
18446312,772,-132,-13872,55,331,108
18451212,916,-212,-13576,72,337,100
18456112,820,-248,-13556,101,336,89
18460912,848,-84,-13428,73,355,72
18465712,864,-108,-13472,79,344,97
18470512,832,-48,-13760,86,343,92
18476412,912,-92,-13680,122,332,92
18481212,928,-68,-13468,87,312,85
18486112,812,-132,-13508,118,363,121
18490912,856,-124,-13604,140,345,98
18495712,928,-76,-13708,120,318,108
18500512,716,-96,-13796,92,314,97
18506412,920,-240,-13660,114,328,96
18511212,860,-112,-13528,144,301,92
18516012,856,-156,-13592,110,354,109
18612011,712,-112,-13580,94,357,102
18615911,844,-112,-13468,108,328,90
18708010,844,-112,-13468,108,328,90
18710712,860,-92,-13544,117,326,97
18715512,912,-124,-13636,87,309,95
18721412,804,-72,-13680,92,323,70
18726212,880,-128,-13604,114,303,111
18731012,788,-184,-13524,96,329,90
18735812,744,-164,-13436,88,309,100
18740612,900,-112,-13548,111,364,94
18745412,780,-160,-13572,87,351,89
18751412,784,-112,-13544,102,334,106
18756212,860,-156,-13676,102,298,99
18761012,880,-112,-13476,91,327,109
18765812,820,-136,-13480,103,322,106
18770612,880,-52,-13456,83,336,126
18775412,876,-132,-13592,104,348,105
18781312,884,0,-13700,98,306,88
18873610,748,-116,-13648,100,338,93
18888210,812,-100,-13576,117,362,96
18963612,896,-112,-13536,95,337,105
18966313,896,-112,-13536,95,337,105
18971112,848,-76,-13508,115,333,78
18975912,832,-88,-13484,73,324,115
18980712,856,-124,-13420,90,331,106
18985512,876,-40,-13512,110,344,89
18991412,896,-120,-13556,106,326,96
18996212,844,-60,-13528,98,344,90
19001012,908,-52,-13456,106,339,85
19005912,892,-16,-13616,104,325,107
19010712,836,-88,-13512,90,327,118
19015512,800,-224,-13700,71,309,65
19021412,780,-124,-13496,97,346,96
19026212,836,-188,-13668,88,356,98
19031012,824,-192,-13476,97,332,92
19035812,912,-84,-13448,78,349,104
19127010,768,-112,-13588,88,319,84
19130910,836,-40,-13508,120,348,83
19135712,960,-128,-13436,105,331,93
19140512,892,-80,-13480,84,362,113
19211911,908,-168,-13628,90,340,99
19215611,788,-212,-13600,105,351,98
19220511,904,-60,-13656,105,318,90
19226411,804,-188,-13556,96,298,98
19231211,848,-104,-13552,85,304,90
19236011,672,-148,-13540,129,329,110
19240811,880,-160,-13544,96,322,103
19245611,844,-84,-13576,77,377,98
19250511,756,-96,-13668,96,378,90
19256411,820,-252,-13744,92,368,87
19261211,800,-164,-13480,89,335,98
19266011,832,-96,-13532,86,338,107
19270811,880,-40,-13548,100,326,117
19361810,868,-96,-13544,94,350,90
19374012,856,-104,-13540,81,337,85
19375512,856,-104,-13540,81,337,85
19380412,840,-108,-13404,87,309,103
19386312,824,-148,-13536,112,353,77
19391112,768,-272,-13676,89,358,115
19396012,792,-200,-13644,78,370,103
19467612,860,-192,-13576,83,355,136
19470412,880,-108,-13472,76,359,102
19476312,872,-152,-13620,73,340,98
19481112,840,-120,-13560,108,315,81
19485912,816,-36,-13460,109,332,93
19490812,868,-92,-13552,114,316,102
19495612,804,-188,-13644,85,333,123
19500412,792,-164,-13540,102,344,115
19506312,828,-128,-13604,79,325,89
19511112,852,-156,-13616,105,360,87
19515912,808,-224,-13748,109,322,108
19633310,868,-144,-13776,121,314,99
19636012,844,-100,-13632,107,336,124
19640812,888,-116,-13500,73,354,116
19645712,760,-204,-13692,110,375,92
19650512,972,-240,-13620,103,337,79
19656412,772,-104,-13576,103,327,106
19661212,732,-168,-13592,99,334,103
19666012,768,-188,-13408,117,328,75
19670812,848,-112,-13596,89,321,113
19743711,728,-100,-13724,102,333,91
19746511,728,-100,-13724,102,333,91
19751311,812,-96,-13540,91,323,109
19756111,888,-156,-13404,114,334,110
19760911,800,-60,-13544,112,341,83
19765711,796,-164,-13684,79,335,97
19770511,772,-76,-13536,108,333,103
19776411,800,-56,-13636,135,336,80
19781311,912,-140,-13584,106,362,91
19870212,912,-140,-13584,106,362,91
19883312,852,-236,-13596,113,331,95
19886014,916,-136,-13516,101,308,98
19890812,852,-108,-13532,101,335,104
19895612,720,-192,-13460,90,327,90
19900412,912,-76,-13488,111,311,118
19906312,800,-72,-13724,85,359,91
19911112,800,-180,-13688,105,369,108
19915912,852,-40,-13576,112,331,120
19920712,896,-60,-13360,107,308,114
19925612,816,-120,-13464,107,320,73
19998111,900,-80,-13584,93,321,95
20000911,648,-284,-13552,106,341,99
20005711,824,-132,-13716,121,333,120
20010511,856,-120,-13480,100,342,102
20016411,800,-104,-13492,98,348,117
20021311,780,-172,-13444,115,344,98
20026111,956,-176,-13744,109,333,104
20119510,800,-48,-13380,107,358,99
20121010,800,-48,-13380,107,358,99
20125912,840,-128,-13564,83,370,80
20130712,744,-144,-13640,119,359,100
20135612,908,-116,-13800,118,346,109
20140412,808,-152,-13700,84,287,127
20146312,772,-92,-13524,110,310,93
20151112,784,-68,-13428,113,291,101
20155912,772,-180,-13584,116,349,93
20160712,868,-220,-13460,66,340,119
20165612,804,-24,-13680,109,336,114
20170412,864,-104,-13400,108,357,106
20176312,816,-32,-13588,94,303,99
20249011,772,-176,-13460,69,304,96
20250511,772,-176,-13460,69,304,96
20256411,880,-116,-13644,122,342,122
20261211,772,-60,-13476,97,335,89
20266011,932,-96,-13632,79,343,89
20357510,808,-120,-13652,81,342,92
20378211,780,-104,-13500,81,325,104
20380811,820,-204,-13604,111,367,106
20385611,852,-164,-13496,96,341,112
20390511,736,-112,-13756,82,329,98
20396411,744,-80,-13516,87,297,112
20401211,872,-124,-13552,131,319,83
20406011,852,-68,-13340,114,335,92
20410811,880,-72,-13492,81,320,108
20415611,732,-112,-13464,106,372,95
20420411,908,-196,-13368,97,343,93
20426311,848,-148,-13548,102,351,113
20431211,948,-48,-13572,108,302,119
20436011,812,-132,-13516,110,308,106
20440811,900,-160,-13416,115,303,108
20512812,896,-88,-13760,114,312,93
20515412,788,-160,-13520,115,312,90
20521312,820,-56,-13552,106,357,92
20637712,980,-112,-13664,80,366,82
20640412,732,-136,-13628,94,316,77
20646312,964,-68,-13516,125,342,91
20651212,752,-112,-13524,99,322,106
20656012,736,-88,-13576,102,312,117
20660812,856,-88,-13712,103,316,118
20665612,832,-132,-13604,77,309,101
20670412,792,-160,-13584,89,328,105
20676312,808,-92,-13520,110,354,118
20681212,828,-116,-13704,105,344,103
20686012,856,-132,-13816,78,325,93
20690812,792,-92,-13648,133,338,102
20695612,712,-56,-13476,81,318,94
20700412,820,-128,-13436,102,351,107
20706312,836,-108,-13440,107,364,97
20711112,788,-200,-13780,97,345,112
20803610,856,-176,-13416,98,307,104
20879610,840,-100,-13464,109,345,102
20891910,696,-48,-13520,90,348,114
20895610,752,-52,-13536,113,331,94
20900412,876,-84,-13572,101,324,110
20906312,776,-128,-13452,102,315,119
20911112,780,-84,-13664,101,328,81
20915912,824,-88,-13740,112,324,102
20920712,812,-108,-13480,88,322,120
20925512,836,-160,-13584,88,345,106
20930412,772,-72,-13480,89,337,109
20936312,776,-116,-13528,120,346,110
20941112,856,-124,-13684,86,349,97
20945912,736,-136,-13608,118,320,105
20950712,876,-132,-13472,118,329,107
20955512,820,-28,-13648,84,324,111
20961412,828,-180,-13644,108,314,84
21055010,796,-76,-13496,114,329,113
21056619,796,-76,-13496,114,329,113
21060512,752,-88,-13620,106,329,98
21066412,816,-100,-13588,102,321,97
21138910,848,-124,-13480,89,354,87
21140410,944,-100,-13644,102,326,83
21146412,800,-148,-13536,102,327,90
21151212,916,-156,-13668,124,329,103
21156012,732,-144,-13568,88,349,107
21160812,772,-160,-13616,114,321,112
21165612,832,-72,-13536,129,323,90
21170412,720,32,-13636,120,333,97
21176312,760,-196,-13544,94,341,84
21181112,876,-196,-13508,92,333,107
21186012,824,-144,-13636,94,305,97
21190812,832,-152,-13604,102,322,89
21195612,832,-160,-13472,110,301,100
21200412,976,-84,-13540,117,311,96
21292811,912,-88,-13688,117,344,104
21295611,648,-236,-13496,103,348,99
21300411,840,-96,-13612,112,341,66
21306311,800,-104,-13608,124,333,103
21311111,844,-4,-13676,117,323,69
21316011,792,-140,-13640,94,330,82
21388012,748,-152,-13504,86,324,98
21401212,912,-128,-13340,91,361,113
21406012,828,-148,-13572,90,324,107
21410912,744,-128,-13596,103,325,102
21415712,840,-68,-13432,88,330,94
21420512,780,-104,-13456,105,348,100
21426412,892,-216,-13496,125,326,80
21431212,760,-232,-13732,84,329,92
21436012,880,-244,-13748,84,352,105
21440812,880,-132,-13568,86,333,95
21445612,800,-136,-13584,108,331,112
21450512,812,-16,-13316,104,350,100
21541911,868,-48,-13352,109,345,89
21546011,812,-80,-13636,83,325,117
21550811,772,-148,-13620,111,332,68
21555611,852,-60,-13688,111,300,102
21560411,876,-44,-13492,108,313,107
21566311,788,-124,-13496,107,357,86
21571111,808,-84,-13504,98,334,81
21576011,916,-144,-13568,122,353,89
21672310,764,-220,-13552,128,320,97
21676212,788,-156,-13372,88,357,104
21681012,832,-132,-13496,92,355,90
21685812,924,-64,-13564,84,353,117
21690612,800,-164,-13652,94,349,82
21695412,880,-92,-13540,115,325,78
21701312,832,-68,-13376,111,336,94
21706112,716,-96,-13520,90,317,92
21710912,740,-132,-13716,102,335,127
21803212,856,-176,-13660,79,342,113
21805812,768,-116,-13708,108,341,85
21810612,848,-56,-13536,87,327,75
21815412,820,-144,-13548,120,338,77
21821312,780,-124,-13420,96,343,76
21826112,828,-120,-13608,87,356,92
21836012,860,-56,-13636,90,337,90
21840812,776,-200,-13656,114,333,113
21845612,844,-148,-13604,121,319,106
21850412,776,-144,-13484,108,339,88
21856312,800,-120,-13492,119,313,104
21928211,780,-156,-13568,98,335,115
21930911,904,-160,-13584,131,310,67
21935711,860,-144,-13556,78,338,85
21940611,844,-132,-13640,110,343,91
21945411,820,-184,-13544,123,337,86
21951311,800,-112,-13640,106,323,111
21956111,896,-84,-13616,110,318,116
22048810,796,-32,-13548,89,359,114
22050410,848,-84,-13384,92,346,89
22055412,844,-100,-13760,94,335,112
22061312,832,-148,-13676,106,312,101
22066112,884,-132,-13768,103,320,99
22070912,808,-104,-13620,124,328,123
22075712,828,-172,-13572,130,318,91
22080612,836,-112,-13468,124,340,97
22085412,808,-180,-13504,86,342,118
22091312,788,-252,-13552,71,364,92
22096112,912,-72,-13476,84,339,98
22100912,896,-160,-13564,90,318,77
22105712,896,-276,-13744,81,322,105
22177911,872,-148,-13760,97,345,100
22180711,948,-96,-13700,98,327,103
22185511,752,-72,-13500,105,297,99
22190411,800,-104,-13460,98,341,100
22196311,780,-56,-13656,105,340,73
22286212,780,-56,-13656,105,340,73
22291212,772,-152,-13492,105,295,96
22296112,860,-44,-13644,103,314,78
22300912,864,-172,-13676,112,363,93
22305712,780,-192,-13464,115,341,83
22310512,904,-168,-13460,86,361,77
22316412,916,-120,-13676,111,365,86
22321212,824,-108,-13440,112,315,89
22326112,840,-128,-13648,85,299,80
22339512,832,-56,-13448,100,328,78
22341012,800,-224,-13524,92,349,97
22345912,868,-80,-13508,114,353,96
22350712,876,-160,-13624,118,364,112
22355512,820,-164,-13496,86,316,103
22360412,816,-76,-13564,116,321,116
22432212,896,-44,-13548,117,341,89
22435912,948,-108,-13556,84,310,84
22440712,924,-184,-13640,123,316,89
22445512,924,-152,-13652,93,362,87
22534412,924,-152,-13652,93,362,87
22535912,940,-148,-13568,120,344,108
22540912,780,-104,-13824,117,327,113
22545712,716,-64,-13516,105,330,83
22550512,808,-180,-13532,89,315,112
22555412,856,52,-13480,90,325,100
22561312,852,-216,-13744,71,340,98
22566112,848,-236,-13592,120,378,104
22570912,796,-204,-13420,108,346,106
22575712,880,-92,-13752,110,302,99
22580512,780,-148,-13516,103,340,134
22586412,732,-192,-13700,80,316,70
22591212,884,-108,-13548,96,355,104
22596112,848,-168,-13736,92,332,93
22600912,856,-124,-13508,116,356,115
22605712,956,-124,-13536,88,316,96
22701810,764,-100,-13448,104,299,95
22705610,888,-140,-13684,143,383,87
22798110,888,-140,-13684,143,383,87
22800912,812,-204,-13548,66,281,101
22805712,776,-68,-13436,115,359,87
22810612,812,-144,-13512,103,310,98
22815412,760,-4,-13652,82,324,87
22821312,800,-160,-13632,71,336,99
22826112,776,-152,-13496,111,321,85
22854010,896,-124,-13452,91,343,100
22855510,864,-100,-13384,123,372,89
22860412,928,-160,-13568,99,355,93
22866312,920,-96,-13712,88,362,100
22871112,760,-32,-13564,96,324,95
22876012,820,-104,-13320,115,315,79
22880812,752,-164,-13492,98,289,86
22885612,896,-104,-13628,120,358,93
22890412,800,-228,-13584,78,321,105
22896312,764,-108,-13804,88,362,101
22901112,692,-116,-13600,88,293,102
23068210,768,-92,-13820,101,322,73
23071012,816,-96,-13288,106,334,93
23075812,848,-100,-13608,92,332,108
23080612,848,-72,-13648,110,332,93
23085412,796,-148,-13684,110,343,115
23091312,868,-140,-13708,89,341,85
23096212,848,-208,-13648,111,330,96
23101012,860,-76,-13668,86,327,90
23105812,816,-176,-13424,100,326,88
23110612,772,-92,-13404,88,345,89
23115412,936,-172,-13480,136,347,113
23121312,784,-132,-13548,91,310,98
23126112,884,-120,-13588,99,348,104
23130912,828,-136,-13544,79,319,81
23135812,812,-116,-13524,104,341,89
23140612,872,-112,-13520,94,354,111
23234010,832,-132,-13344,106,336,123
23235510,780,-176,-13576,93,327,87
23240412,864,-140,-13732,110,332,97
23246312,888,-112,-13620,93,316,112
23318410,752,-144,-13636,97,333,110
23321110,736,-120,-13692,113,355,127
23325910,1008,-36,-13388,85,356,92
23360412,812,-112,-13448,74,344,104
23366312,780,-164,-13740,119,365,110
23371112,820,-164,-13372,126,332,112
23376012,816,-100,-13512,98,333,108
23380812,856,-128,-13520,102,319,100
23385612,796,-224,-13628,91,319,89
23390412,812,-164,-13728,114,309,90
23396312,804,-196,-13576,122,319,89
23401112,836,-112,-13404,106,323,95
23405912,848,-108,-13448,109,373,106
23410712,780,-140,-13576,92,348,117
23504112,824,-136,-13408,72,326,101
23505612,764,-32,-13508,93,341,86
23510512,812,-128,-13608,89,384,97
23516412,868,-140,-13720,100,366,80
23521312,892,-128,-13392,95,334,104
23526112,840,-20,-13412,93,324,109
23598710,980,-144,-13620,79,319,113
23601511,812,-100,-13448,109,311,100
23606311,768,-100,-13564,128,335,102
23611111,780,-148,-13560,109,319,78
23616011,852,-236,-13596,88,323,97
23620811,776,-168,-13588,107,333,108
23625611,924,-200,-13372,111,333,110
23630411,800,-124,-13656,120,349,102
23636311,868,-144,-13536,114,312,107
23641111,696,-96,-13672,119,325,103
23645911,808,-188,-13388,118,338,81
23650711,760,-72,-13492,88,332,107
23766110,840,-252,-13528,94,346,106
23771112,828,-116,-13456,83,330,89
23775912,804,-60,-13552,103,315,100
23780812,888,-40,-13492,106,348,113
23785612,876,-112,-13616,114,369,102
23790412,840,-144,-13536,69,350,72
23796312,816,-40,-13496,108,348,124
23801112,780,-40,-13556,121,336,77
23874010,824,-216,-13636,94,352,97
23891112,672,-120,-13576,95,306,105
23896012,896,-40,-13480,110,327,110
23900912,872,-188,-13400,105,331,91
23905712,832,-132,-13556,91,369,106
23910512,764,-164,-13544,100,358,88
23916412,808,-160,-13784,114,343,113
23921212,868,-92,-13392,105,335,93
23926012,792,-148,-13624,99,321,110
24019412,868,-84,-13584,110,337,100
24020912,804,-96,-13372,67,356,102
24025812,852,-40,-13452,114,345,101
24030612,816,-84,-13560,117,313,83
24035512,760,-56,-13640,96,328,93
24041412,936,-212,-13632,82,330,92
24046212,788,16,-13556,109,311,118
24051012,924,-28,-13480,104,321,110
24055812,932,-184,-13608,120,351,107
24060612,796,-188,-13588,91,339,98
24065412,728,-72,-13556,122,322,111
24137411,848,-100,-13588,89,347,97
24141311,736,-180,-13564,100,309,88
24146111,896,-112,-13588,96,331,105
24150911,804,-160,-13572,101,349,71
24155711,856,-64,-13572,90,305,101
24160511,800,-172,-13620,116,335,105
24165411,768,-152,-13528,89,349,97
24256810,720,-144,-13548,111,292,123
24260510,904,-112,-13496,86,344,74
24266412,828,-24,-13560,75,344,94
24271212,848,-128,-13644,87,349,122
24276012,880,-220,-13576,108,329,130
24280812,896,-132,-13596,100,334,95
24285612,932,-128,-13700,89,321,91
24290412,872,-100,-13636,117,294,92
24296412,928,-132,-13588,95,328,112
24301212,848,-124,-13548,110,353,116
24306012,852,-160,-13624,94,303,101
24310812,844,-132,-13588,98,330,89
24315612,836,-112,-13472,109,334,115
24387910,856,-264,-13556,105,319,105
24401310,920,-160,-13696,117,344,73
24406110,816,-160,-13660,91,338,75
24410912,840,-160,-13644,86,350,83
24415712,792,-176,-13640,112,319,116
24505612,840,-44,-13596,97,311,96
24510612,888,-156,-13604,118,316,101
24515512,864,-108,-13668,102,324,125
24521412,768,-164,-13568,72,309,101
24526212,848,-148,-13476,109,338,100
24531012,788,-112,-13564,89,329,104
24535812,872,-128,-13648,73,314,98
24540612,820,-148,-13456,126,321,91
24545512,828,-68,-13516,103,329,95
24551412,916,-80,-13388,87,335,108
24556212,804,-124,-13584,85,360,72
24561012,872,-184,-13480,85,349,92
24565812,888,-176,-13464,105,366,91
24570612,824,-56,-13564,132,315,114
24575412,824,-56,-13564,132,315,114
24647910,760,-156,-13480,102,322,109
24650710,764,-148,-13816,113,325,110
24767010,848,-116,-13624,79,315,112
24770810,816,-196,-13544,116,315,101
24775712,900,-176,-13484,122,365,102
24780512,900,-176,-13484,122,365,102
24786412,864,-100,-13584,90,359,110
24791212,908,-116,-13548,90,331,111
24796012,916,-56,-13564,94,324,103
24800812,796,-88,-13508,81,337,111
24805612,836,-80,-13468,88,326,97
24810412,836,-80,-13468,88,326,97
24816412,880,-188,-13392,101,328,115
24821212,820,-188,-13464,102,355,88
24826012,864,-192,-13612,90,334,103
24836011,792,-124,-13608,75,328,99
24840911,772,-100,-13632,109,311,105
24845711,752,-128,-13592,105,348,115
24850611,744,-248,-13544,76,352,112
24941812,856,-108,-13472,93,318,96
25017010,860,-104,-13552,93,316,75
25020710,832,-60,-13676,94,306,96
25025512,832,-60,-13676,94,306,96
25031412,908,-100,-13636,99,331,112
25036212,812,-68,-13384,110,344,83
25041012,776,-60,-13644,99,340,85
25045812,824,-168,-13616,90,354,95
25050612,788,-40,-13512,91,328,101
25055512,788,-40,-13512,91,328,101
25061412,800,-168,-13384,109,319,118
25066212,840,-100,-13560,99,331,116
25071012,796,-208,-13536,86,384,109
25075812,820,-192,-13552,95,355,95
25080612,820,-192,-13552,95,355,95
25085412,944,-104,-13492,119,341,106
25091312,820,-96,-13440,105,334,100
25181612,912,-168,-13536,108,354,88
25185512,912,-168,-13536,108,354,88
25191412,944,-152,-13572,84,362,86
25196312,728,-160,-13512,120,327,97
25268110,868,-92,-13588,107,364,111
25270910,676,-164,-13424,105,294,105
25275711,676,-164,-13424,105,294,105
25280511,780,-192,-13580,126,306,75
25286411,780,-128,-13592,92,368,104
25291311,788,-220,-13532,88,361,103
25296111,816,-252,-13556,84,352,77
25300911,836,-212,-13624,87,338,121
25305711,836,-212,-13624,87,338,121
25310511,824,-132,-13572,90,318,96
25316411,820,-80,-13472,103,295,106
25321211,804,-136,-13496,121,330,105
25326011,724,-200,-13612,80,369,128
25335912,884,-132,-13528,98,338,86
25428012,764,0,-13580,105,324,115
25430712,764,0,-13580,105,324,115
25435512,812,-136,-13484,101,345,97
25441412,844,-96,-13512,101,354,87
25446212,868,-64,-13556,110,339,90
25451112,792,-252,-13500,80,331,124
25523311,868,-128,-13664,92,343,111
25526111,780,-112,-13708,106,352,115
25530911,804,-208,-13672,109,330,114
25535711,804,-208,-13672,109,330,114
25540511,824,-192,-13540,104,322,112
25546411,836,-108,-13592,110,339,92
25551311,800,-108,-13556,132,349,85
25556111,820,0,-13640,81,327,80
25560911,784,-212,-13464,93,346,90
25565711,784,-212,-13464,93,346,90
25570511,844,-128,-13620,91,296,129
25664910,956,-128,-13584,71,362,102
25666410,776,-148,-13680,85,351,90
25671312,928,-164,-13604,111,343,84
25676112,816,-136,-13336,84,334,83
25681012,792,-116,-13676,76,342,87
25685812,792,-116,-13676,76,342,87
25690612,712,-184,-13564,101,326,101
25695412,872,-156,-13616,113,361,94
25701312,732,-48,-13452,89,343,109
25797512,884,-152,-13296,103,363,95
25801312,860,-20,-13588,134,339,106
25806112,824,-148,-13680,103,343,99
25810912,824,-148,-13680,103,343,99
25815712,736,-132,-13636,111,312,127
25820512,988,-32,-13588,121,336,89
25826412,868,-264,-13628,90,365,97
25850711,756,-76,-13396,86,339,127
25855611,796,-184,-13740,129,334,103
25949010,780,-204,-13500,113,338,104
25950610,780,-204,-13500,113,338,104
25955412,800,-112,-13564,99,364,83
25961312,816,-144,-13568,79,327,88
25966112,748,-156,-13472,96,328,102
25971012,748,-156,-13472,96,328,102
25975812,764,-116,-13536,67,314,97
25980612,748,-108,-13588,123,338,90
25985412,820,-208,-13672,120,339,97
25991312,772,-112,-13488,104,346,95
25996112,820,-224,-13536,108,355,92
26068811,880,-212,-13512,106,321,104
26070411,880,-212,-13512,106,321,104
26076311,788,-188,-13736,77,318,94
26081111,832,-60,-13620,87,342,102
26085911,832,-60,-13620,87,342,102
26090711,768,-80,-13488,100,348,94
26095511,860,-88,-13252,106,346,107
26187010,884,-32,-13512,118,321,87
26191010,884,-32,-13512,118,321,87
26195810,752,-64,-13548,102,297,105
26200610,936,-112,-13420,122,346,84
26205412,800,-212,-13484,114,324,81
26211312,848,-96,-13684,103,353,120
26216112,744,-120,-13452,83,325,103
26221012,744,-120,-13452,83,325,103
26225812,852,-108,-13480,106,344,86
26230612,868,-96,-13740,109,333,103
26235412,880,-160,-13644,95,337,91
26241312,828,-200,-13596,112,355,74
26246112,828,-200,-13596,112,355,74
26319312,940,-116,-13576,110,329,90
26320912,940,-116,-13576,110,329,90
26325712,780,-68,-13528,113,353,95
26346411,800,-80,-13548,118,333,84
26351311,836,-168,-13648,114,330,107
26444810,840,-100,-13488,109,303,103
26446310,876,-124,-13588,126,335,116
26451212,876,-124,-13588,126,335,116
26456012,796,-92,-13420,81,322,98
26460912,832,-128,-13644,100,363,109
26465712,928,-136,-13472,96,340,91
26470512,928,-100,-13592,115,339,91
26476412,800,-172,-13700,73,325,116
26481212,800,-172,-13700,73,325,116
26486012,872,-144,-13636,99,314,107
26490912,848,-156,-13456,86,330,119
26495712,852,-176,-13540,111,341,121
26500512,856,-204,-13496,83,343,89
26506412,808,-92,-13620,67,308,94
26511212,808,-92,-13620,67,308,94
26583510,820,-80,-13516,92,342,97
26586110,820,-80,-13516,92,342,97
26590912,896,-44,-13416,83,327,80
26682012,772,-152,-13616,111,309,95
26685812,772,-152,-13616,111,309,95
26690612,836,-132,-13540,113,348,100
26695512,880,-36,-13696,114,346,89
26701412,852,-92,-13556,115,328,95
26706212,852,-92,-13556,115,328,95
26711012,800,-88,-13668,94,336,97
26715812,880,-144,-13532,77,344,106
26720612,884,-172,-13684,105,359,106
26725512,748,-204,-13444,131,377,120
26731412,872,-212,-13596,90,309,78
26736212,872,-212,-13596,90,309,78
26741012,840,-136,-13520,101,308,107
26745812,880,-176,-13488,129,321,94
26750612,860,-168,-13480,91,369,95
26755412,704,-96,-13680,104,357,96
26871911,780,-108,-13608,113,323,111
26961610,840,-176,-13520,96,322,98
26965610,840,-176,-13520,96,322,98
26970410,868,-176,-13556,89,348,84
26976310,848,-104,-13748,99,312,104
26981111,864,-176,-13660,105,342,116
26985911,764,-48,-13688,97,341,96
26990711,844,-44,-13504,114,329,105
26995611,760,-204,-13436,102,334,107
27000411,856,-120,-13756,110,337,84
27006311,824,-56,-13520,95,337,103
27011111,852,-256,-13612,95,345,99
27015911,944,-116,-13764,105,345,99
27020711,856,-88,-13588,103,320,88
27025511,720,-64,-13708,88,342,106
27031411,852,-116,-13608,87,337,106
27036311,760,-184,-13668,134,334,109
27126479,848,-76,-13580,98,328,103
27131410,848,-76,-13580,98,328,103
27136210,820,-12,-13508,81,322,82
27141112,876,-108,-13568,103,355,107
27213011,988,-224,-13632,115,358,96
27215811,988,-224,-13632,115,358,96
27220611,868,-76,-13280,104,344,82
27225411,804,-176,-13696,120,364,101
27231411,844,-136,-13604,93,338,98
27236211,832,-132,-13584,112,331,119
27241011,768,-36,-13376,115,300,93
27245811,888,-216,-13456,117,321,111
27250611,736,-196,-13444,109,341,111
27255411,816,-108,-13668,107,333,110
27261311,788,-144,-13516,128,359,100
27266111,792,-120,-13632,110,319,73
27271011,888,-72,-13440,89,354,92
27363312,896,-116,-13424,93,337,88
27375611,836,-144,-13744,111,391,97
27380411,720,-104,-13704,117,344,88
27386411,780,-216,-13464,133,303,126
27391211,820,-144,-13548,120,305,111
27396011,888,-168,-13324,68,339,116
27400811,752,-148,-13552,94,332,98
27473712,772,-180,-13580,106,347,112
27476512,772,-180,-13580,106,347,112
27481312,848,-96,-13796,91,329,94
27486112,796,-152,-13592,104,327,93
27490912,812,-216,-13488,133,324,109
27495812,812,-120,-13548,119,348,107
27500612,848,-132,-13684,125,324,101
27505412,800,-56,-13572,119,349,112
27511312,796,-88,-13556,128,329,104
27516112,876,-148,-13616,120,362,84
27520912,860,-144,-13616,84,353,100
27612010,908,-80,-13524,107,351,91
27615812,908,-80,-13524,107,351,91
27620612,756,-84,-13508,119,350,100
27625412,852,-208,-13604,106,346,79
27631312,792,-92,-13708,80,347,94
27636112,900,-80,-13476,91,340,106
27640912,876,-76,-13656,113,334,126
27645712,780,-64,-13432,88,320,119
27650512,840,-36,-13696,113,325,106
27722910,872,-64,-13724,99,321,93
27725612,872,-64,-13724,99,321,93
27730412,820,-4,-13488,112,335,91
27736312,816,-48,-13636,106,303,90
27741112,792,-88,-13588,113,323,88
27745912,928,-232,-13536,121,321,93
27750712,928,-216,-13492,96,320,101
27755612,836,-76,-13416,106,320,117
27873210,840,-220,-13592,111,345,105
27901110,928,-200,-13512,104,334,109
27905910,784,-68,-13516,85,334,103
27910712,840,-244,-13548,126,341,92
27915512,800,-156,-13616,103,331,95
27921412,852,-132,-13560,96,309,92
27926212,808,-112,-13424,99,309,122
27931012,812,-80,-13452,116,328,114
27935812,820,-80,-13520,114,357,90
27940712,704,-72,-13492,103,333,102
27945512,808,-120,-13572,88,348,98
27951412,796,-120,-13584,102,354,104
28023412,908,-76,-13348,91,371,112
28026012,908,-76,-13348,91,371,112
28030812,716,-224,-13740,95,329,102
28035612,816,-204,-13716,114,329,104
28040412,856,-112,-13604,121,320,123
28046312,916,-104,-13612,115,365,102
28136212,916,-104,-13612,115,365,102
28141212,868,-160,-13492,130,355,85
28146012,852,-212,-13464,84,304,92
28150912,788,-128,-13536,107,336,100
28155712,800,-128,-13720,100,314,107
28160512,824,-192,-13544,94,335,108
28166412,748,-108,-13404,80,338,91
28171212,832,-132,-13564,99,309,82
28176012,772,-132,-13576,109,350,94
28180912,800,-24,-13636,103,326,103
28185712,956,-140,-13576,108,330,126
28190512,768,-116,-13668,117,296,116
28196412,752,-128,-13624,104,322,88
28201212,692,-180,-13536,110,351,92
28274210,852,-252,-13512,68,355,111
28275710,852,-252,-13512,68,355,111
28280510,868,-156,-13456,104,345,74
28373810,864,-72,-13656,106,320,90
28404712,820,-124,-13728,100,316,107
28406212,820,-124,-13728,100,316,107
28411112,748,-92,-13708,107,315,85
28415912,888,-80,-13544,90,339,102
28420712,804,-56,-13376,98,344,70
28425612,784,-196,-13452,97,340,96
28430412,804,-156,-13532,111,345,86
28436312,900,-120,-13604,102,344,69
28441112,872,-124,-13740,62,354,126
28445912,872,-140,-13284,131,355,106
28450712,832,-208,-13504,86,312,91
28455512,876,-240,-13732,105,340,110
28461412,920,-144,-13428,111,323,92
28466312,856,-72,-13656,100,341,74
28471112,764,-220,-13576,82,352,106
28475912,848,-132,-13720,72,302,90
28548111,808,-120,-13564,107,312,106
28550911,728,-28,-13424,94,343,116
28640813,728,-28,-13424,94,343,116
28645712,812,-260,-13628,107,337,90
28650512,836,-80,-13604,76,329,89
28655412,880,-176,-13628,103,326,94
28661312,784,-96,-13620,113,321,84
28666112,916,-232,-13672,106,354,90
28670912,876,-200,-13440,145,335,89
28675712,916,-168,-13636,101,357,95
28680512,820,-220,-13632,84,341,96
28685412,940,-84,-13604,86,344,105
28691312,956,-96,-13548,103,357,93
28696112,800,-116,-13616,108,330,81
28700912,808,-128,-13568,112,334,112
28705712,800,-108,-13520,104,303,63
28710512,872,-140,-13444,87,331,104
28716412,928,-148,-13536,121,324,86
28806412,928,-148,-13536,121,324,86
28811312,844,-116,-13684,100,323,89
28907711,784,-164,-13468,95,352,97
28922312,856,-88,-13644,81,338,112
28926212,856,-88,-13644,81,338,112
28931112,884,-180,-13484,94,338,118
28935912,884,-168,-13436,86,323,92
28940712,860,-60,-13520,80,343,86
28945512,896,-72,-13472,118,328,90
28951412,760,-8,-13584,80,316,90
28956212,868,-108,-13640,100,343,105
28961012,744,-228,-13548,94,341,101
28965812,848,-164,-13600,112,335,97
28970712,800,-140,-13596,106,327,93
28975512,884,-72,-13452,93,379,95
28981412,840,-220,-13612,89,341,79
28986212,928,-152,-13640,78,344,93
28991012,844,-52,-13468,108,349,79
29080010,844,-52,-13468,108,349,79
29081611,844,-52,-13468,108,349,79
29086411,820,-140,-13640,78,331,89
29091211,1004,-184,-13600,101,349,69
29162512,832,-100,-13624,115,339,109
29166412,832,-100,-13624,115,339,109
29171212,848,-112,-13604,115,323,83
29176012,800,-152,-13760,113,313,99
29180812,848,-100,-13476,118,328,91
29185612,904,-172,-13520,113,354,85
29190412,772,-156,-13604,103,370,86
29196412,844,-60,-13568,112,347,63
29201212,896,-124,-13588,102,348,117
29206012,676,-188,-13520,108,309,115
29210812,864,-116,-13516,100,318,99
29215612,816,-60,-13452,109,341,84
29220412,784,-164,-13576,119,339,104
29226312,720,-68,-13476,85,327,120
29316212,720,-68,-13476,85,327,120
29321212,792,-64,-13408,98,325,92
29326012,824,-100,-13516,102,324,93
29343012,868,-116,-13536,81,338,108
29345612,868,-116,-13536,81,338,108
29350412,908,-68,-13504,89,330,103
29422912,920,-164,-13572,107,313,102
29425618,920,-164,-13572,107,313,102
29430412,880,-12,-13540,91,347,94
29436312,788,-156,-13544,96,336,91
29441112,900,-68,-13464,117,337,74
29445912,908,-124,-13452,109,349,109
29450712,876,-104,-13596,83,325,92
29455512,808,-212,-13684,105,344,73
29461412,808,-160,-13656,112,335,94
29466312,848,-192,-13692,119,328,92
29471112,804,-180,-13532,102,337,92
29475912,772,-168,-13652,118,326,79
29569210,832,-168,-13588,134,324,96
29570712,832,-168,-13588,134,324,96
29575612,848,-116,-13504,104,319,119
29580512,860,-152,-13544,109,302,115
29586412,840,-100,-13568,117,333,92
29591212,872,-72,-13604,84,343,84
29596012,772,-120,-13704,111,363,100
29600812,824,-100,-13556,85,332,87
29673410,848,-124,-13496,117,354,102
29676010,848,-124,-13496,117,354,102
29680812,768,-40,-13668,106,334,100
29685612,812,-64,-13656,103,329,124
29690412,760,-160,-13504,109,342,92
29696312,780,-184,-13656,112,354,85
29701112,852,-124,-13580,110,338,98
29705912,904,-192,-13524,110,340,90
29710812,880,-144,-13472,103,337,112
29715612,812,-196,-13752,111,317,101
29806810,856,-160,-13672,115,341,96
29810810,796,-148,-13664,92,356,94
29815610,872,-180,-13548,91,353,100
29820410,740,-108,-13600,94,354,84
29826312,880,-136,-13520,99,315,65
29836311,760,-204,-13516,113,328,96
29841211,800,-96,-13508,111,367,93
29846111,856,-152,-13656,99,361,119
29850911,764,-176,-13768,101,327,83
29855711,964,-80,-13372,109,347,113
29952612,788,-64,-13392,90,354,108
29955412,788,-64,-13392,90,354,108
29961412,900,-52,-13388,140,368,104
29966212,856,-196,-13480,100,341,108
29971012,868,-156,-13768,116,321,97
29975812,732,-120,-13640,99,312,103
29980712,880,-188,-13516,95,325,122
29985512,724,-164,-13416,96,345,116
30077712,704,-108,-13504,98,325,105
30080612,704,-108,-13504,98,325,105
30085412,864,-36,-13488,127,339,91
30091312,864,-216,-13640,124,348,114
30096112,760,-112,-13680,77,340,81
30100912,812,-136,-13560,98,356,95
30105712,956,-52,-13460,124,316,106
30110612,952,-92,-13628,112,368,94
30115412,768,-76,-13676,97,342,76
30121312,752,-148,-13896,89,318,88
30126112,768,-84,-13532,117,326,110
30130912,776,-184,-13496,102,307,115
30203310,844,-56,-13560,101,358,111
30205910,844,-56,-13560,101,358,111
30210712,896,-128,-13456,99,360,82
30215512,844,-20,-13640,93,345,81
30221412,868,-220,-13772,94,342,88
30314712,852,-136,-13608,90,369,86
30316322,852,-136,-13608,90,369,86
30321312,768,-264,-13488,93,336,87
30326112,928,-140,-13564,112,344,119
30343111,752,-164,-13676,111,329,74
30345711,752,-164,-13676,111,329,74
30350511,752,-76,-13640,79,313,97
30355411,840,-164,-13476,116,323,82
30361311,800,-112,-13396,83,344,76
30366111,892,-156,-13584,72,364,107
30370911,792,-96,-13720,88,336,90
30375711,872,-104,-13736,110,318,59
30380511,836,-152,-13372,80,284,88
30386411,880,-80,-13504,118,345,107
30391211,732,-112,-13432,89,318,97
